Index,SiteID,NO2.ugm3,NO.ugm3,PM2.5.SC1,PM2.5.SC2,PM2.5,BlkCarbon,ExpRL.25,ExpRL.50,ExpRL.100,ExpRL.200,ExpRL.300,ExpRL.500,ExpRL.1000,ExpRL.1500,ExpRL.2000,ExpRL.3000,ExpRL.4000,ExpRL.5000,MainRL.25,MainRL.50,MainRL.100,MainRL.200,MainRL.300,MainRL.500,MainRL.1000,MainRL.1500,MainRL.2000,MainRL.3000,MainRL.4000,MainRL.5000,SecRL.25,SecRL.50,SecRL.100,SecRL.200,SecRL.300,SecRL.500,SecRL.1000,SecRL.1500,SecRL.2000,SecRL.3000,SecRL.4000,SecRL.5000,ElvRL.25,ElvRL.50,ElvRL.100,ElvRL.200,ElvRL.300,ElvRL.500,ElvRL.1000,ElvRL.1500,ElvRL.2000,ElvRL.3000,ElvRL.4000,ElvRL.5000,ExpAADT.25,ExpAADT.50,ExpAADT.100,ExpAADT.200,ExpAADT.300,ExpAADT.500,ExpAADT.1000,ExpAADT.1500,ExpAADT.2000,ExpAADT.3000,ExpAADT.4000,ExpAADT.5000,MainAADT.25,MainAADT.50,MainAADT.100,MainAADT.200,MainAADT.300,MainAADT.500,MainAADT.1000,MainAADT.1500,MainAADT.2000,MainAADT.3000,MainAADT.4000,MainAADT.5000,SecAADT.25,SecAADT.50,SecAADT.100,SecAADT.200,SecAADT.300,SecAADT.500,SecAADT.1000,SecAADT.1500,SecAADT.2000,SecAADT.3000,SecAADT.4000,SecAADT.5000,Long,Lat,Elevation,FlightRouteBuf,AspRatio,Dist_Airport,Dist_Coast,Dist_Port,Dist_ShippingLanes,DistUnRHighVol,Dist_MTRline,Dist_MTRstn,Dist_FerryTerm,Dist_Incin,Dist_Crematorium,Dist_CrossBrdVehTm,Dist_TollGate,Dist_ShenzhenP,Dist_Lamma,Dist_PowerStnt,Dist_PStntswoPenny,LnDist_Airport,LnDist_Coast,LnDist_Port,LnDist_ShippingLanes,LnDistUnRHighVol,LnDist_MTRline,LnDist_MTRstn,LnDist_FerryTerm,LnDist_Incin,LnDist_Crematorium,LnDist_CrossBrdVehTm,LnDist_TollGate,LnDist_ShenzhenP,LnDist_Lamma,LnDist_PowerStnt,LnDist_PStntswoPenny,BldArD.25,BldArD.50,BldArD.100,BldArD.200,BldArD.300,BldArD.500,BldArD.1000,BldArD.1500,BldArD.2000,BldArD.3000,BldArD.4000,BldArD.5000,BldVolD.25,BldVolD.50,BldVolD.100,BldVolD.200,BldVolD.300,BldVolD.500,BldVolD.1000,BldVolD.1500,BldVolD.2000,BldVolD.3000,BldVolD.4000,BldVolD.5000,BusTD.50,BusTD.100,BusTD.200,BusTD.300,BusTD.500,BusTD.1000,BusTD.1500,BusTD.2000,BusTD.3000,BusTD.4000,BusTD.5000,CarPD.25,CarPD.50,CarPD.100,CarPD.200,CarPD.300,CarPD.500,CarPD.1000,CarPD.1500,CarPD.2000,CarPD.3000,CarPD.4000,CarPD.5000,FoodStD.50,FoodStD.100,FoodStD.200,FoodStD.300,FoodStD.500,FoodStD.1000,FoodStD.1500,FoodStD.2000,FoodStD.3000,FoodStD.4000,FoodStD.5000,TmplD.100,TmplD.200,TmplD.300,TmplD.500,TmplD.1000,TmplD.1500,TmplD.2000,TmplD.3000,TmplD.4000,TmplD.5000,PopD.25,PopD.50,PopD.100,PopD.200,PopD.300,PopD.500,PopD.1000,PopD.1500,PopD.2000,PopD.3000,PopD.4000,PopD.5000,PrkArD.25,PrkArD.50,PrkArD.100,PrkArD.200,PrkArD.300,PrkArD.500,PrkArD.1000,PrkArD.1500,PrkArD.2000,PrkArD.3000,PrkArD.4000,PrkArD.5000,OpArT.25,OpArT.50,OpArT.100,OpArT.200,OpArT.300,OpArT.500,OpArT.1000,OpArT.1500,OpArT.2000,OpArT.3000,OpArT.4000,OpArT.5000,ParkT.25,ParkT.50,ParkT.100,ParkT.200,ParkT.300,ParkT.500,ParkT.1000,ParkT.1500,ParkT.2000,ParkT.3000,ParkT.4000,ParkT.5000,ComT.25,ComT.50,ComT.100,ComT.200,ComT.300,ComT.500,ComT.1000,ComT.1500,ComT.2000,ComT.3000,ComT.4000,ComT.5000,GovT.25,GovT.50,GovT.100,GovT.200,GovT.300,GovT.500,GovT.1000,GovT.1500,GovT.2000,GovT.3000,GovT.4000,GovT.5000,ResT.25,ResT.50,ResT.100,ResT.200,ResT.300,ResT.500,ResT.1000,ResT.1500,ResT.2000,ResT.3000,ResT.4000,ResT.5000,MixT.25,MixT.50,MixT.100,MixT.200,MixT.300,MixT.500,MixT.1000,MixT.1500,MixT.2000,MixT.3000,MixT.4000,MixT.5000,IndT.25,IndT.50,IndT.100,IndT.200,IndT.300,IndT.500,IndT.1000,IndT.1500,IndT.2000,IndT.3000,IndT.4000,IndT.5000,InterD.25,InterD.50,InterD.100,InterD.200,InterD.300,InterD.500,InterD.1000,InterD.1500,InterD.2000,InterD.3000,InterD.4000,InterD.5000,MiniBusD.25,MiniBusD.50,MiniBusD.100,MiniBusD.200,MiniBusD.300,MiniBusD.500,MiniBusD.1000,MiniBusD.1500,MiniBusD.2000,MiniBusD.3000,MiniBusD.4000,MiniBusD.5000,Predictions-Lenwo,Gas.500,Rest.50,Rest.100
39,P2,172.1963751,179.0289076,18.60933676,40.71352307,29.66142992,12.4289015,0,0,0,0,0,0,0,0,0,0,5001.99,32287.35,107.05,325.68,781.84,2965.52,8942.59,17903.5,32411.62,41814.07,55208.46,85376.42,149224.76,261770.19,0,123.52,591.6,2313.81,4553.43,10656.51,31925.34,57744.34,85277.61,161341.52,265886.88,439285.62,0,0,0,925.51,6801.6,12537.3,22348.53,24223.85,25191.74,38146.72,56715.94,103579.71,0,0,0,0,0,0,0,0,0,0,927980.58,4695903.12,52378.64648,97928.55762,171366.5195,678946.3457,2023098.213,3805822.85,7142014.46,10314287.57,15545490.8,30982189.4,48279636.2,85330117.56,0,24111.75781,85897.26807,362175.4517,655883.4673,1456377.412,3965927.402,8007741.983,12617148.67,24814023.67,48025154.71,88455804.6,114.1404524,22.2869666,26,B,2.905,20393.67,389.822,3725.79,473.1733,2076.62,99.6944,271.8007,1236.85,3726.42,8094.43,3448.96,2611.11,30049.96303,7909.572439,7909.572439,7909.572439,9.922979663,5.965690324,8.223033464,6.159461626,7.638498115,4.602109107,5.605069046,7.120320462,8.223202268,8.998931788,8.145827238,7.867531645,10.31061671,8.975829006,8.975829006,8.975829006,0.317382968,0.314849221,0.424694143,0.482483064,0.420162542,0.350083885,0.193887992,0.140698009,0.107629564,0.07618972,0.074753097,0.077598252,8.754789762,8.803912642,11.15536741,14.52115536,12.27282863,9.681785978,5.592026038,4.275231408,3.591508036,2.453415558,2.403573693,2.409989283,0,0,7.96E-06,3.54E-06,1.27E-06,1.27E-06,1.84E-06,2.07E-06,1.34E-06,1.23E-06,1.15E-06,0,0,0,3.18E-05,1.41E-05,2.16E-05,8.91E-06,6.65E-06,5.25E-06,3.68E-06,4.52E-06,4.88E-06,0,0,7.96E-06,3.54E-06,2.55E-06,1.27E-06,7.07E-07,3.98E-07,1.77E-07,1.99E-07,2.42E-07,0,0,0,0,9.55E-07,8.49E-07,4.77E-07,2.12E-07,1.79E-07,3.06E-07,0.086619807,0.086628894,0.086648477,0.086647359,0.085182943,0.068938447,0.040019529,0.026298917,0.019415181,0.011394537,0.011159772,0.012361,0,0.006366198,0.003970916,0.002277666,0.003265329,0.004061201,0.002139794,0.001419788,0.000882258,0.000468492,0.000703121,0.000857142,0,0,0,2346.629909,9333.718302,69403.74996,128701.5853,180323.1742,382451.0452,1522192.178,3244290.615,6250393.669,0,0,0,0,0,34325.81601,481534.5932,1440038.861,2885611.593,5920553.174,10077530.11,13815928.27,0,0,0,0,0,0,0,25979.57765,151561.7946,230392.4412,708299.5296,973807.9599,803.0032573,3453.980488,8715.250399,14906.42344,29647.70865,138766.8273,442731.7238,592047.575,807980.8616,1638695.173,2344303.09,3523122.881,51.26493093,846.8192624,8387.364701,30790.23309,66593.71764,137303.5434,466709.9357,846463.384,1083487.707,2194922.023,3192758.558,4893924.088,0,89.24773075,4817.029948,34765.50336,64837.76895,112003.5804,193920.3817,322772.0477,369873.239,401320.1239,551913.9906,889764.0657,0,0,0,0,0,0,0,0,4898.923217,7607.951718,7607.951718,86446.68167,0.001018592,0.000509296,0.000286479,0.000222817,0.00021928,0.000168068,0.000101223,7.46E-05,6.37E-05,4.97E-05,5.02E-05,5.48E-05,0,0,0,7.96E-06,3.54E-06,1.27E-06,1.27E-06,8.49E-07,8.75E-07,9.90E-07,1.01E-06,1.22E-06,141.108304,2,1,18
45,P8,97.90071273,96.84980941,22.26921224,30.26143601,26.26532413,5.337030848,0,0,0,0,0,0,0,3030.09,3892.68,5640.46,52238.17,80483.75,91.44,171.37,305.85,947.82,1890.09,7600.62,35694.25,96269.44,142920.09,203017.4,291856.27,427003.72,45.39,88.83,314.79,1494.44,3865.09,10476.36,46205.04,100428.13,172268.82,265201.52,425883.91,642412.81,0,0,0,0,0,130.14,24502.7,43657.26,71041.37,84524.58,108262.54,152644.85,0,0,0,0,0,0,0,454664.82,595860.4,737006.37,9243209.03,13677974.18,34138.10938,34138.10938,103018.6719,215126.1367,548036.8477,2647973.24,14258759.68,35888771.22,53478494.77,68266319.23,98204155.24,142860320,22113.33594,44207.58008,44207.58008,378695.8906,950403.3066,2868451.148,14417088.61,30604766.74,46853718.18,64018285.47,105747545.1,154997303,114.17333,22.31582284,21,B,0,23423.23,1381.76,3891.02,2070.58,6515.85,118.9736,349.3015,2031.26,4345.4,4806.59,947.8306,1676.55,28276.70767,12273.76624,12273.76624,12273.76624,10.06148341,7.23111462,8.266426358,7.635585211,8.781992287,4.778901623,5.855935471,7.616412948,8.376872425,8.477742536,6.854175793,7.424491115,10.24979369,9.415219437,9.415219437,9.415219438,0.15167848,0.256537396,0.345193384,0.339251255,0.319373147,0.316930369,0.299867196,0.264288249,0.282677591,0.185768181,0.147207486,0.139406216,6.326892462,9.763611347,11.21171785,9.755835652,9.436487304,10.13784039,8.576699991,7.199976629,7.779470591,4.69543485,4.101554654,4.050885441,0,0,0,0,1.27E-06,1.91E-06,1.27E-06,1.75E-06,1.59E-06,1.61E-06,1.55E-06,0,0,3.18E-05,3.18E-05,3.18E-05,1.91E-05,1.66E-05,1.44E-05,1.52E-05,1.04E-05,9.59E-06,9.74E-06,0,0,0,0,0,1.27E-06,9.90E-07,9.55E-07,6.01E-07,5.17E-07,4.58E-07,0,0,3.54E-06,1.27E-06,1.59E-06,9.90E-07,1.19E-06,6.72E-07,4.97E-07,5.09E-07,0.074237089,0.07463599,0.070769578,0.061784329,0.058270446,0.065491333,0.05976434,0.057959873,0.053558088,0.035180377,0.02839226,0.02827,0.003534513,0.012133973,0.00597595,0.005417396,0.007470804,0.006868694,0.004959077,0.006614161,0.005963365,0.003378217,0.002260525,0.001802413,0,0,0,7279.173085,18258.38685,40895.23206,187240.8598,587318.1643,1412235.583,3239331.397,6136943.363,9053907.27,0,0,0,1958.807148,25059.38704,90187.93433,259373.1492,704492.9715,1178011.608,2559361.997,5051693.482,10176663.83,0,0,0,0,5559.934565,50786.58262,113976.3033,204846.663,479339.4817,789931.1708,1049768.353,1283826.016,153.3156294,2150.651748,13474.34437,50806.31761,87873.55572,161845.8006,720321.1372,1451498.754,1937675.476,2977139.805,4537076.619,6863984.451,251.7689303,1616.952581,7472.303589,30854.52175,75025.1115,215899.6503,967850.5277,1876292.189,3317689.511,5256518.188,7136552.388,10665589.23,0,0,0,0,0,420.9855593,19417.42218,23871.13617,29467.41311,35898.09335,306558.3537,1069428.484,0,0,0,0,0,0,0,0,0,18538.32035,89425.85814,89425.85827,0.000509296,0.000254648,0.000190986,0.000135282,0.000137934,0.000159155,0.000200217,0.000193532,0.000183506,0.000116855,0.000100387,9.22E-05,0,0,0,0,0,1.27E-06,5.41E-06,3.54E-06,3.50E-06,2.44E-06,2.21E-06,2.09E-06,155.5188477,7,5,18
70,TM-A-1,108.2236391,158.1567425,32.83698652,49.27476208,41.0558743,27.68546101,0,0,0,0,0,0,0,663.39,5523.72,20937.33,29379.1145,36527.2822,35.73698037,150.3532179,361.1014688,683.3708557,990.9272238,2271.208969,16386.19,24455.01,37099.84,43603.37,49937.80221,59333.82496,0,130.6613503,734.9244459,3255.549363,5124.253092,11034.35104,33613.98,67771.68,102168.38,152328.19,192265.3286,256442.725,0,0,0,0,0,283.4669733,525.32,1913.07,3089.08,3119.02,3119.017745,3119.017745,0,0,0,0,0,0,0,0,885280.59,2747842.99,3533175.1,4516938.16,0,0,21489.71,82414.54,101725.68,231564.91,2079748.68,3018609.37,4471979.47,5142996.61,5823598.28,6761929.99,0,0,132830.8,886048.99,1296678.57,2416927.02,6198121.9,13587275.71,19193792.15,25721041.76,31581650.44,39013096.9,113.976677,22.399603,11,B,0,9045.44,141.8486,15360.51,4951.11,12560.01,98.7392,473.6614,3263.2,356.3726,15289.15,9862.17,9217.11,18231.29665,23877.04576,6059.997446,6059.997446,9.110016476,4.954760128,9.639555154,8.50736679,9.438273248,4.592482181,6.160492821,8.090462798,5.875976925,9.63489859,9.196461569,9.128817347,9.810894992,10.08067285,8.709464658,8.709464658,0.43195982,0.25526092,0.164801407,0.184611586,0.226218908,0.213202356,0.194173919,0.153185675,0.117614528,0.073683372,0.052220421,0.043996622,0,0.085714472,0.42727591,1.484117716,1.816519804,3.259460456,4.825736441,3.761172907,2.768170882,1.461310681,0.91177094,0.612974248,0,0,0,3.54E-06,2.55E-06,1.59E-06,1.56E-06,1.59E-06,8.13E-07,4.77E-07,3.57E-07,0,0.000254648,6.37E-05,7.16E-05,6.01E-05,3.31E-05,2.51E-05,1.73E-05,1.23E-05,6.65E-06,4.30E-06,3.08E-06,0,0,0,0,0,9.55E-07,8.49E-07,5.57E-07,3.18E-07,1.79E-07,1.15E-07,0,0,0,0,0,1.41E-07,1.59E-07,1.77E-07,1.59E-07,1.40E-07,0.058584,0.058584,0.057716,0.051865,0.044978,0.035106,0.029449,0.026911,0.024307,0.014917,0.009076,0.00623,0,0.028023517,0.011433685,0.011379944,0.009260569,0.005913288,0.003023355,0.001963277,0.00125058,0.000725722,0.000518524,0.000359917,0,0,0,0,604.338919,604.338919,604.342071,31767.77142,125584.8192,1069287.03,1529288.19,3908906.29,0,431.8882,5109.265149,12351.35295,33696.54536,131889.327,2040051.844,2232501.223,3753381.841,6657718.89,11178990.58,16519835.19,0,0,0,0,0,0,0,0,352.902428,6500.28,6500.28,6500.275574,0,672.412841,6579.233706,12599.78931,29442.19623,93780.7516,345143.122,1015847.213,1568758.943,1891705.27,2137796.84,2645802.063,1267.891098,4071.033048,11750.84232,54210.33935,140067.9448,385658.9878,811129.8953,1831049.327,3041058.701,4884701.6,6765519.72,8907903.703,0,0,0,0,0,0,135172.2333,149709.5636,149709.5642,263134.88,277984.91,277984.9115,0,0,0,0,0,15819.05215,322748.4516,409903.4482,415550.8667,452842.94,452842.95,576365.6809,0.000509296,0.000254648,0.000222817,0.000294437,0.000198059,0.000142603,0.000103451,7.24E-05,5.91E-05,3.26E-05,2.26E-05,1.68E-05,0,0,0,0,3.54E-06,2.55E-06,1.59E-06,9.90E-07,1.19E-06,6.37E-07,3.98E-07,2.80E-07,88.01372372,2,0,0
36,P10,95.67097758,80.21282746,21.62195518,45.26065532,33.44130525,4.903377744,0,0,0,0,0,0,0,0,1047.42,9400.76,19251.84,67744.71,18.35,44.7,95.34,583.27,1397.75,3890.34,12119.33,44437.26,111037.95,227176.3,315879.87,389975.04,67.9,228.76,711.79,1814.08,3720.52,5975.93,16713.92,37602.31,88322.91,249906.83,428538.76,620621.08,0,0,0,0,0,1073.02,1646.14,28602.32,49839.62,97734.92,131021.09,145841.68,0,0,0,0,0,0,0,0,226662.12,1480164.28,3313445.91,11324166.84,0,0,29516.37891,151465.4727,366373.8223,1503147.34,4012805.35,14289668.38,41799988.49,83970976.71,107178459.1,124694021.7,22247.89648,66784.19727,200128.6797,442560.1816,787194.7773,1364908.328,4479982.189,10946909.84,29730684.04,64543907.7,94689537.49,126721225.1,114.169187,22.29623637,19,B,2.395939086,23162.93,117.8701,4711.66,560.0927,5199.91,2.9772,305.6617,296.592,5756.15,6716.54,701.4208,1316.52,30085.10464,10211.44606,10211.44606,10211.44606,10.05030842,4.769583148,8.457794823,6.32810227,8.556397423,1.090990807,5.722478965,5.692357488,8.658024624,8.812327981,6.55310793,7.182745649,10.31178547,9.231264533,9.231264533,9.231264533,0.403535448,0.573246821,0.716813492,0.57193236,0.443293732,0.303562296,0.178771423,0.150412655,0.147147134,0.177243179,0.152718416,0.125227159,21.05517518,22.38309895,26.58227217,20.40799492,16.85287134,11.24753076,6.235476834,4.639648046,4.952366613,6.093128745,4.66364053,3.630428148,0,0,0,7.07E-06,7.64E-06,3.18E-06,2.83E-06,3.58E-06,2.51E-06,1.75E-06,1.35E-06,0,0,9.55E-05,5.57E-05,2.48E-05,1.66E-05,1.21E-05,9.34E-06,1.01E-05,1.21E-05,9.07E-06,7.65E-06,0,0,7.96E-06,3.54E-06,1.27E-06,6.37E-07,5.66E-07,3.18E-07,4.95E-07,4.18E-07,3.57E-07,0,7.96E-06,3.54E-06,1.27E-06,3.18E-07,2.83E-07,4.77E-07,6.72E-07,5.37E-07,4.07E-07,0.025272503,0.025272688,0.025096977,0.021507279,0.018318205,0.015571435,0.009990292,0.010957699,0.013183055,0.027661799,0.026464563,0.022351,0,0,0,0,0.000964408,0.001410291,0.002516962,0.002099943,0.001967644,0.002160525,0.00210627,0.001701969,0,0,2431.362118,19222.29158,56115.57738,143112.72,344341.9263,1292589.841,2096563.675,3160929.455,4368812.999,7610459.296,0,0,0,0,10658.93439,77159.08685,196584.5529,259828.4348,543435.5548,2443244.876,8432548.249,17872169.02,915.4255761,5379.800363,23130.90016,65560.79757,104252.936,176077.3075,430858.5592,505831.5962,707802.861,1001354.554,1055692.153,1282691.47,0,0,0,2416.408427,5410.539153,12934.84085,89448.85148,298836.5171,807813.3436,2246964.257,3840118.726,5875666.053,0,0,0,0,0,0,81510.3485,177726.7932,410152.4598,2967231.718,6368472.197,9132583.597,0,0,0,0,0,0,0,0,58527.34707,901686.1431,1052041.396,1181390.458,0,0,0,0,0,0,0,0,0,0,18538.32035,62569.54856,0.000509296,0.000254648,0.000127324,0.000159155,0.000152081,0.000132417,9.10E-05,9.37E-05,0.000124937,0.000128739,0.000102118,8.26E-05,0,0,0,1.59E-05,1.77E-05,8.91E-06,2.55E-06,1.98E-06,2.23E-06,2.48E-06,1.93E-06,1.64E-06,124.7187917,0,4,37
65,ST-A-1,105.5257228,135.0433994,16.08554507,47.43404002,31.75979255,17.84507893,0,0,0,0,0,162.9899849,6015.17,17630.58,33089.29,45514.18,71501.47374,77104.93283,49.11919313,99.61625603,199.9824681,762.9081964,1668.386465,4905.680911,15044.56,25383.59,43072.79,69395.73,83088.7673,100597.1398,0,4.274898104,200.119476,981.2285458,2126.314482,6253.50921,27435.91,73643.59,119254.39,189995.46,282717.9076,398882.3571,0,0,0,0,0,0,0,451.41,1377.53,2297.89,2297.895033,2312.659185,0,0,0,0,0,0,798940.49,2022549.95,4133614.82,5716252.48,9657806.33,10260278.83,0,0,0,33377.82,188328.14,884889.13,2402142.46,3793506.86,5915054.99,10018733.58,11309813.45,13721609.62,0,0,157515.28,600270.28,1120197.64,2631438.26,8207471.68,19470537.61,26835691.25,39281241.56,55085815.74,72790467.41,114.19191,22.387529,16,B,0,26305.84,471.951,8128.61,8587.15,12406.69,22.5364,670.4684,10176.63,1095.21,2901.96,7544.17,2319.97,22499.4804,20231.08226,17045.88086,20231.08226,10.17754627,6.156875152,9.003145158,9.058021908,9.425990956,3.115132353,6.507976586,9.227849229,6.998701051,7.973141986,8.928530735,7.749310095,10.02124749,9.914975426,9.743663862,9.914975427,0,0.017700748,0.11539869,0.166696443,0.209112643,0.17905617,0.139182351,0.148239716,0.123778477,0.077315953,0.049857435,0.03982563,0,0,0.313817801,1.700740539,2.690018991,3.227431968,2.813033732,3.368999252,2.915123049,1.932126286,1.221241504,0.985599156,0,0,0,7.07E-06,2.55E-06,1.91E-06,1.70E-06,1.43E-06,8.84E-07,5.57E-07,4.33E-07,0,0,0,0,3.54E-06,1.66E-05,1.50E-05,1.81E-05,1.49E-05,8.28E-06,5.45E-06,4.19E-06,0,0,0,0,2.55E-06,6.37E-07,8.49E-07,4.77E-07,3.54E-07,2.19E-07,1.53E-07,0,0,7.07E-06,2.55E-06,6.37E-07,2.83E-07,3.18E-07,1.77E-07,1.19E-07,1.91E-07,0.021351,0.021351,0.021345,0.021057,0.020312,0.019122,0.01906,0.015185,0.011875,0.008381,0.00782,0.009205,0,0,0.003575627,0.000893907,0.000731789,0.000819279,0.000611908,0.001169266,0.001320122,0.000893656,0.000566501,0.000449616,273.937188,2452.840922,7394.302047,15912.10519,23923.02157,38610.41298,123892.7944,433563.8842,917314.9228,1758822.67,2523955.28,3085499.2,0,0,0,0,5006.53043,174636.49,885069.3804,2042730.33,3856668.809,8748924.32,12630206.7,18389563.45,0,0,0,0,0,15273.14739,39844.60496,54535.09297,66415.96675,66415.98,66415.98,73062.7173,0,0,0,0,2775.661364,34214.98966,235901.149,587919.0543,790148.9687,1277567.86,2449350.15,3742353.074,363.121443,2641.251941,18441.03715,97651.41097,230915.1058,433373.742,1168121.477,2226667.156,3423457.994,5493617.51,6501640.46,8162505.433,0,0,0,0,0,9703.667149,122394.8486,145473.2028,145473.2127,145473.21,145473.21,145473.2018,0,0,0,0,0,0,21260.79514,379976.5001,493432.3998,519833.19,519833.2,525347.4456,0,0.000127324,0.000159155,0.000119366,8.84E-05,8.91E-05,8.02E-05,9.07E-05,7.64E-05,4.93E-05,3.15E-05,2.51E-05,0,0,0,0,0,2.55E-06,3.82E-06,2.55E-06,1.75E-06,1.20E-06,7.36E-07,6.24E-07,101.2061386,0,0,0
86,WC-A-1,165.7456799,205.0451069,32.97953076,46.95859132,39.96906104,9.57164094,0,0,0,0,0,49.98742496,2824.03,4103.7,5738.11,15166.55,40661.45982,62797.76954,82.29551162,134.8841201,245.3789742,1272.319228,4970.265656,14029.64156,29745.13,51584.72,78316.23,161986.54,245942.8608,338570.9561,50.06576857,112.5553771,613.5884078,2290.445518,4639.166239,8511.798389,33389.98,68563.78,108446.89,220847.82,373246.6472,528844.7715,0,0,0,61.63737819,1543.159757,11201.39546,18177.03,21509.21,27021.62,40996.3,85630.88107,111616.7912,0,0,0,0,0,0,535322.08,714128.61,1066037.32,2707441.77,6187371.91,10350602.61,50833.68,50833.68,72683.98,418092.71,2033226.72,7903701.44,12381120.88,16828995.72,23064656.45,52383358.15,79190548.88,101365206.1,17523.89,34901.24,183168.41,659206.72,1360561.89,2338047.87,8164395.99,15293419.86,21947123.87,42921953.99,71746217.57,102665443.6,114.184357,22.28006,20,B,3.772532,24981.64,279.7491,7087.35,1197.12,6325.75,10.2076,0.2296,2457.79,5658.23,5297.59,951.4156,2441.65,32350.11556,9886.910487,9886.910487,9886.910487,10.12589652,5.633892954,8.866066438,7.087674669,8.752384273,2.323130798,-1.471563246,7.807016156,8.640867126,8.575007344,6.857950963,7.800430961,10.38437287,9.198966988,9.198966988,9.198966988,0.216450249,0.387970057,0.494919117,0.552648147,0.495747086,0.319295603,0.21319962,0.186117588,0.145804477,0.130885692,0.116798625,0.103833974,17.12739112,47.83335231,40.93010254,29.88628623,27.73099994,15.0705039,7.893284427,6.578342609,4.857232601,4.337883308,3.734881375,3.180133214,0,0,0,0,1.27E-06,2.86E-06,2.41E-06,1.91E-06,2.05E-06,1.59E-06,1.34E-06,0,0,3.18E-05,2.39E-05,5.31E-05,2.93E-05,1.88E-05,1.57E-05,1.10E-05,9.51E-06,7.84E-06,6.76E-06,0,0,0,0,1.27E-06,6.37E-07,5.66E-07,3.18E-07,2.48E-07,2.98E-07,3.31E-07,0,0,0,0,6.37E-07,8.49E-07,4.77E-07,3.18E-07,3.98E-07,4.58E-07,0.029937,0.029933,0.029955,0.031792,0.034731,0.032021,0.029452,0.028163,0.023124,0.017751,0.018174,0.018599,0,0,0,0.000342582,0.000639442,0.001776202,0.00267249,0.001976133,0.001336216,0.001081218,0.001128376,0.001165836,0,0,0,0,2684.639739,56607.28981,507902.6945,913145.3995,1092031.186,2637572,4031104.3,4980869.255,0,0,0,0,716.937137,95505.09196,464484.928,1361450.684,3148666.276,8405332.21,13998160.67,19861465.17,0,0,0,13.996509,5487.718433,17468.94356,44162.94796,77516.75872,134879.1042,821974.37,1023387.02,1130697.745,0,0,0,660.219189,2437.831862,71955.61365,370024.3827,616257.6922,917894.4223,1583491.91,2918268.45,4388951.157,0,0,0,0,2518.312343,29304.65197,253397.0453,880455.4924,1486992.697,2359132.47,4540806.49,6522695.848,405.548036,3846.581665,17965.07827,79223.84492,157131.2912,226261.5999,357375.4957,498759.966,584826.9864,705554.02,1135783.47,1337556.664,0,0,0,0,0,0,0,0,0,0,0,27113.72888,0.001018592,0.000509296,0.00031831,0.000302394,0.000367825,0.00031067,0.000183983,0.000139915,0.000107191,9.11E-05,8.08E-05,6.91E-05,0,0,0,4.77E-05,3.18E-05,1.15E-05,3.50E-06,2.12E-06,1.99E-06,1.84E-06,1.39E-06,1.48E-06,143.3024359,2,39,60
73,TP-A-1,96.64030482,77.72430903,18.4135802,46.52944409,32.47151215,22.27918196,15.95378047,171.2939048,382.8790236,785.7724288,1187.277344,1802.965349,4215.23,8690.66,18197.58,47636.25,62631.53166,84458.3824,0,0,0,0,0,0,0,0,3108.1,15882.62,29968.62026,53858.26481,51.87840483,337.7555973,970.4341792,2988.84425,5497.60838,10293.90162,25102.46,40862.93,75591.39,128740.56,194045.5055,295096.7484,0,0,0,0,0,0,0,0,319.01,1811.22,2307.164687,2937.136841,0,0,0,0,95016.9,95016.9,381018.9,1039904.45,3504501.95,6229949.66,8253654.49,10861373.18,0,0,0,0,0,0,0,0,386315.86,1087294,2612889.1,5469530.72,0,130310.27,173551.43,992697.16,1918124.34,3702867.18,9032853.22,12821670.19,21505287.66,32692514.93,46256293.92,63692112.09,114.21151,22.42411,12,B,7.291666,29536.12,3.0038,12152.09,13112.18,16278.02,62.1,1036.77,14644.33,3047.89,7137.64,11276.74,5158.55,20980.28698,24753.08347,20809.08015,24753.08347,10.29336923,1.099873029,9.405256327,9.481296514,9.697571173,4.128746376,6.943868042,9.591808482,8.022205829,8.873137581,9.330497902,8.548410402,9.951338561,10.11670534,9.943144716,10.11670534,0,0.009409168,0.132917868,0.155881985,0.153237578,0.096209158,0.048043843,0.036514885,0.044176559,0.036624079,0.034697927,0.037588309,0,0.31701365,5.25103298,6.409000631,6.000285205,3.362479788,1.356634443,0.964719533,1.054911754,0.8166753,0.804937461,0.848394181,0,0,7.96E-06,3.54E-06,1.27E-06,3.18E-07,2.83E-07,3.18E-07,3.54E-07,3.58E-07,3.95E-07,0,0,3.18E-05,7.96E-06,1.41E-05,1.40E-05,9.55E-06,5.09E-06,4.77E-06,3.50E-06,3.66E-06,3.41E-06,0,0,0,0,0,0,0,0,0,3.98E-08,6.37E-08,0,0,0,0,0,1.41E-07,7.96E-08,3.54E-08,1.99E-08,1.02E-07,0.001738,0.001738,0.001735,0.001723,0.001699,0.001389,0.00076,0.001081,0.002824,0.004611,0.004715,0.005133,0,0,0,0,0,0,0.000585795,0.000522717,0.000407988,0.00026521,0.000261396,0.000390499,0,1631.260226,16198.31885,76209.06861,152840.9614,259103.4578,416574.857,500965.3348,742718.9045,1901815.87,3286948.56,5159125.629,0,0,0,0,430.397516,35145.35359,65982.14202,519172.527,1761065.506,5604789.98,10232804.61,16889378.55,0,0,0,0,0,0,0,0,6646.749173,6646.75,28033.26,62056.78982,0,0,0,16561.64974,77176.90822,271684.3074,1050586.744,1685790.487,1949689.116,2432280.74,2929316.37,3700604.974,0,0,0,0,0,0,92771.8897,577884.9057,1530069.389,2576082.45,3414454.82,6468164.761,0,0,0,0,0,0,0,0,13094.67289,67324.06,67324.06,88451.89396,0,0,0,0,0,5514.222867,5514.222867,5514.222867,5514.222867,5514.22,392392.38,478618.7265,0,0,0,2.39E-05,4.60E-05,3.06E-05,2.10E-05,2.50E-05,2.77E-05,2.18E-05,1.94E-05,2.15E-05,0,0,0,7.96E-06,3.54E-06,1.27E-06,3.18E-07,2.83E-07,4.77E-07,4.95E-07,3.98E-07,4.07E-07,63.43378609,0,0,0
59,SSP-A-4,116.2758614,115.6410603,17.18410475,41.85004009,29.51707242,10.26143828,0,0,0,0,0,0,0,8409.46,28509.46,45622.65,62568.15856,85731.08119,0,12.73543903,293.4907494,930.3996215,2027.780578,5775.801764,31006.55,49004.44,80167.38,160535.74,239806.8649,355378.076,49.85985379,128.8909011,651.0334293,2155.684281,4269.469527,9298.644726,41146.14,89594.14,155816.87,265033.23,430600.9628,637522.3035,0,0,0,0,0,0,7944.75,14587.15,19946.02,33238.78,81285.07247,101790.021,0,0,0,0,0,0,0,1276858.12,5349108.92,7696824.78,10537633.1,13894836.44,0,0,64441.83,211557.01,373552.54,1032039.14,6358071.36,11765608.82,20807414.17,44530377.1,74514967.65,100396520.6,19128.8,19128.8,112295.16,457981.39,872930.2,1932814.21,7905068.88,16044502.27,29105873.28,60895584.7,100882225.7,136595354.6,114.159126,22.335512,42,B,2.5,21988.22,1462.67,2411.75,1942.71,7017.1,197.5643,220.5964,4103.89,1721.4,4372.88,1678.29,2678.83,25683.60535,13617.57623,12087.66862,13617.57623,9.99826203,7.288021297,7.788108946,7.57184162,8.85610506,5.286064212,5.396334816,8.319689652,7.450895242,8.383176149,7.425527957,7.893136876,10.15360814,9.519116607,9.39994109,9.519116607,0.485412336,0.581176293,0.390927934,0.392099124,0.360872931,0.312305323,0.269851165,0.217546191,0.18175011,0.136165433,0.121895129,0.114287616,13.70571412,13.33297263,8.297991881,7.620324644,7.708624774,7.512502727,6.050292499,5.051771461,4.508852566,3.151860849,3.119125371,3.107267569,0,0,0,0,2.55E-06,1.91E-06,1.70E-06,1.59E-06,9.55E-07,9.35E-07,1.01E-06,0,0,0,7.96E-06,1.77E-05,1.53E-05,1.46E-05,1.27E-05,1.06E-05,8.17E-06,7.84E-06,8.09E-06,0,0,0,0,1.27E-06,1.27E-06,9.90E-07,6.37E-07,3.54E-07,4.77E-07,4.33E-07,0,0,0,0,6.37E-07,7.07E-07,4.77E-07,3.18E-07,5.37E-07,4.84E-07,0.06969,0.069799,0.070158,0.06993,0.066754,0.064563,0.05934,0.047846,0.040089,0.03062,0.029693,0.026442,0,0,0.007220059,0.013154417,0.011104185,0.005229862,0.004728246,0.003605705,0.003207405,0.002172176,0.001999858,0.001692603,0,0,602.79806,3134.719485,3169.950373,44751.79338,162495.8129,772771.6599,1098905.243,3179021.47,6452713.06,9347471.443,0,0,0,0,10154.97867,76383.66154,499843.0944,1510731.238,2177057.251,5167436.22,8473174.95,11535179.03,0,0,0,0,0,4116.508842,15349.78217,33233.8328,99729.93483,188948.52,331649.03,826037.6135,0,0,44.072941,9418.166378,20270.68354,95750.23667,414752.6673,996211.2964,1573017.608,3157771.98,4556474.12,5470097.407,1045.344078,5744.377625,16297.20615,65001.46867,150554.7985,357895.6702,1207621.924,1796647.108,2655451.961,4518871.52,8026566.38,10746829.78,0,0,0,0,0,0,10534.50125,12026.95229,16480.6743,35898.07,35898.13,38018.99067,0,0,0,0,0,0,0,24580.37899,59447.52843,62569.55,179541.33,487100.4859,0,0,0.000222817,0.000151197,0.000159155,0.000132417,0.000148969,0.000126192,0.00011292,8.71E-05,7.79E-05,7.19E-05,0,0,0,0,3.54E-06,3.82E-06,3.82E-06,2.97E-06,2.79E-06,2.02E-06,1.97E-06,1.85E-06,109.7403213,5,15,46
10,IS-A-2,86.61076034,47.09277144,11.03720929,38.56578899,24.80149914,8.729454871,0,0,0,0,0,0,0,71.42,3349.11,11099.9,14263.85397,17672.11811,86.44706636,195.5649785,400.386161,835.2300399,1381.433353,2775.051972,8538.27,14290.79,15292.93,22380.39,24856.09453,26453.24975,22.73852801,50.17788225,255.8942353,983.3846404,2059.806131,7197.325563,28580.86,56338.96,80293.48,112293.75,131155.5381,156429.6318,0,0,0,0,0,0,0,0,0,0,0,0,0,0,0,0,0,0,0,0,341772.39,830440.01,1026590.18,1320964.47,0,0,10766.61,21533.5,43953.52,114921.23,402980.14,679808.03,711301.7,964184.7,1080581.74,1103731.76,0,0,21249.82,42853.93,108358.88,816478.74,4085869.02,7664299.52,9457853.03,11843505.92,12687043.71,14015320.96,113.937431,22.307684,12,A,0,0,170.0397,18859.34,1959.27,14104.94,77.2922,741.7693,1313.28,6613.78,14912.09,19228.73,5490.41,29157.76187,19692.37374,7158.304588,7158.304588,0,5.136031667,9.844763345,7.580327253,9.554280709,4.347593601,6.609038243,7.180281831,8.796910833,9.609927499,9.864160962,8.610758844,10.28047643,9.88798672,8.876028443,8.876028443,0,0,0,0,0.001147825,0.005937954,0.064963691,0.066536457,0.055153727,0.033570077,0.021190659,0.014447841,0,0,0,0,0,0.046227922,1.508923726,1.645567056,1.443550619,0.90467437,0.547140309,0.360104593,0,0,0,0,0,6.37E-07,5.66E-07,5.57E-07,3.89E-07,2.59E-07,1.78E-07,0,0,0,0,0,0,1.59E-06,2.26E-06,1.67E-06,1.10E-06,6.76E-07,4.46E-07,0,0,0,0,0,0,0,0,0,0,0,0,0,0,0,0,0,0,0,3.98E-08,6.37E-08,0.000421,0.000421,0.000422,0.000422,0.000407,0.000364,0.000284,0.000213,0.000276,0.000351,0.000412,0.000436,0,0,0,0,0,0,0,0,2.10E-05,4.07E-05,4.55E-05,2.92E-05,595.415668,3142.047587,14034.33913,62179.74052,136762.489,343531.6666,1308538.353,3084617.656,5391468.62,8284280.57,10345680.97,11071730.27,0,0,0,0,0,0,0,60644.5247,396982.1446,1232231.72,1242702.37,1242702.355,0,0,821.189121,18590.07098,51052.96255,177015.0764,533882.3507,1034773.89,1209392.242,1212058.43,1212058.44,1212058.431,0,0,0,0,0,0,35479.94756,39909.85929,78043.28208,211271.54,298980.76,298980.7577,0,0,0,0,0,0,0,0,107642.5086,362184.76,414285.34,414285.3416,0,0,0,0,0,0,0,0,0,0,0,0,0,0,0,0,0,0,0,0,0,0,0,0,0,0.000254648,6.37E-05,1.59E-05,2.12E-05,5.35E-05,4.33E-05,3.62E-05,2.92E-05,1.85E-05,1.11E-05,7.30E-06,0,0,0,0,0,0,0,0,0,0,0,0,85.08449772,2,0,0
32,NT-B-7,98.90660618,108.7164892,23.4910888,63.98286171,43.73697526,11.83623472,0,0,0,0,0,1936.393598,7496.59,9543.6,11561.59,18527.39,23838.83443,32561.64001,0,0,45.12503036,149.7766243,419.9052159,4487.680909,9271.38,14055.35,19035.31,30642.22,40102.35044,49832.22473,99.67957449,323.5287215,858.2202062,2697.337641,5882.493441,12215.9962,44616.61,73763.97,116190.47,216995.36,297747.3155,379224.5564,0,0,0,0,0,544.4539979,866.83,866.83,866.82,866.83,866.8378179,935.6109527,0,0,0,0,0,289079.47,1059639.32,1108125.34,1156589.26,1978736.46,2564712.59,3690321.05,0,0,0,23375.49,69763.89,846211,1456677.68,1822122.53,2398438.42,3650100.06,4881314.27,5978705.91,19128.96,57414.86,125462.94,476458.63,1258699.61,2320712.82,8095079.58,12080076.95,17137072.74,29255140.94,36932454.69,46101433.6,114.126709,22.503145,14,B,0,27268.57,839.1764,16760.86,16641.92,18987.39,66.759,80.2329,22022.43,2119.05,3180.17,9905.56,11353.3,8721.584371,31334.47105,21907.9994,23886.16546,10.2134901,6.732420892,9.72680188,9.719680298,9.851530476,4.201088876,4.384933045,9.999816862,7.658723358,8.064690735,9.200851804,9.337263923,9.073556194,10.35247408,9.994607119,10.08105472,0.131889542,0.271091331,0.222547535,0.194847827,0.247138279,0.207454346,0.157270337,0.114348918,0.094383255,0.07547189,0.055539177,0.045146465,1.526560425,2.929093393,2.032517803,4.434263127,5.073109135,3.806201906,2.944900214,1.886568627,1.419535339,0.944003829,0.550242824,0.375004359,0,0,7.96E-06,1.06E-05,3.82E-06,1.91E-06,8.49E-07,7.96E-07,4.24E-07,2.98E-07,2.29E-07,0,0,0,3.18E-05,2.83E-05,2.55E-05,1.46E-05,7.78E-06,6.68E-06,4.14E-06,2.39E-06,1.69E-06,0,0,0,0,2.55E-06,6.37E-07,2.83E-07,3.18E-07,1.77E-07,9.95E-08,6.37E-08,0,0,0,0,3.18E-07,2.83E-07,3.98E-07,3.18E-07,1.99E-07,2.29E-07,0.017272,0.017139,0.017228,0.017819,0.018413,0.02055,0.025969,0.021329,0.016315,0.010642,0.007031,0.004665,0,0,0,0,0.00184092,0.00543708,0.003593309,0.001902243,0.001294632,0.000862587,0.000485206,0.000332372,0,552.8768,7223.379734,23392.57882,32443.25166,58679.10207,194837.509,1394036.592,3235828.764,7088460.38,12520130.61,16741261.2,0,195.007384,6507.755799,33189.74566,56990.68779,72621.60607,422556.9142,1402026.43,2739020.242,6877994.58,11203545.5,15209004.18,0,0,0,0,0,0,0,0,0,0,0,0,0,0,0,1883.600773,19760.71833,107501.2855,503153.3546,746912.6626,1118802.402,1781439.6,1954318.34,2229491.448,0,0,0,11703.90926,65837.70157,244064.6266,1068970.532,1723391.083,2186461.576,3682295.62,4607336.62,7869940.659,566.222604,3036.964459,10855.23452,37944.79543,76222.89819,120071.9819,120071.9807,120071.9807,216338.2242,223868.28,223868.28,223868.2821,0,0,0,0,0,45401.27504,187578.3181,187984.3151,302837.5296,713392.39,852318.67,988994.1388,0.000509296,0.000509296,0.000350141,0.000222817,0.000215743,0.000197352,0.000119048,6.49E-05,5.05E-05,3.07E-05,1.89E-05,1.40E-05,0,0.000127324,3.18E-05,1.59E-05,7.07E-06,2.55E-06,9.55E-07,5.66E-07,7.96E-07,5.66E-07,3.18E-07,2.80E-07,87.34690651,1,5,12
25,MK-A-1,180.9007836,119.8410666,19.15568774,33.23884649,26.19726712,9.814440647,0,0,0,0,0,0,148.72,4145.74,4858.54,25872.78,51236.2587,79153.1118,101.4602818,272.6498059,895.3366242,2892.57681,5914.368293,15266.588,34481.86,75430.85,112813.53,220985.45,270549.7482,397331.1534,0,22.67825603,551.7810107,2002.175617,4866.912414,13783.59862,50434.97,103887.1,160362.06,320998.59,412988.4097,600198.365,0,0,32.62388018,542.6904312,1257.811779,5458.699246,14926.12,29920.26,50488.2,87642.33,91367.20169,141042.604,0,0,0,0,0,0,0,595860.4,689944.42,4757699.03,9043259.54,13703024.03,29163.1,119150.09,355118.04,1072791.17,2517790.75,6508327.11,13766210.66,25258754.4,37084944.24,72932967.26,85150577.48,131895935.9,0,0,215898.01,737840.95,1723722.49,4329341.54,13807189.14,25557924.31,40207343.79,76943817.91,97498959.3,147421099.6,114.168488,22.322437,15,B,3.913333,22910.34,1132.77,3231.57,1628.33,6566.94,23.174,90.9699,2618.21,3459.38,4760.31,66.1786,2337.09,27401.84701,12679.84565,12679.84565,12679.84565,10.03934353,7.032421875,8.080722468,7.395309241,8.789803631,3.143029464,4.510528776,7.870246745,8.148844703,8.468067467,4.192357193,7.756663207,10.2183657,9.447769055,9.447769055,9.447769055,0.064351284,0.24490603,0.373766089,0.440331976,0.419856237,0.401766992,0.343627228,0.279535681,0.240231687,0.201513316,0.134252882,0.124110875,1.936982384,10.61849055,14.65169179,14.17042481,13.32766361,12.61591082,9.938468234,7.742238028,5.958489356,5.063786028,3.394638839,3.567165893,0,0,0,7.07E-06,5.09E-06,1.91E-06,1.41E-06,1.59E-06,1.63E-06,1.15E-06,1.36E-06,0,0,6.37E-05,3.98E-05,2.12E-05,1.53E-05,1.53E-05,1.23E-05,1.15E-05,1.19E-05,8.34E-06,8.76E-06,0,0,0,3.54E-06,2.55E-06,9.55E-07,9.90E-07,8.75E-07,6.72E-07,4.58E-07,4.46E-07,0,0,0,0,1.59E-06,1.41E-06,7.96E-07,7.07E-07,4.77E-07,4.46E-07,0.094929,0.093079,0.088918,0.085119,0.083991,0.084797,0.078105,0.060198,0.048305,0.038611,0.029001,0.026437,0,0,0.009735846,0.016032137,0.011754857,0.011149752,0.009369562,0.005963125,0.004874753,0.003599089,0.002197437,0.001675918,0,336.241276,899.469106,2911.876111,10837.00288,74839.349,217617.8301,363323.9931,961301.2759,3562361.31,5885560.38,8683549.522,0,0,0,0,0,9873.153989,288111.355,680036.7234,1250428.999,3688211.9,6099629.43,9277358.228,84.935337,1488.072269,8077.17328,19753.39858,30257.36738,53248.11856,106275.503,159821.1567,197756.3341,715360.34,849372.57,1145603.2,0.002936,839.694937,2844.05084,5230.133543,24436.39522,87369.82364,359328.3472,1107394.056,2159429.286,3501360.41,4552656.31,5837545.644,0,4.810374,3141.936321,37910.04402,86150.34043,223324.7469,1097546.518,2390306.038,3650811.546,5847053.82,7110232.71,9200661.239,0,0,0,0,0,9799.073257,19722.87637,35797.66025,35898.09806,35898.07,38019.02,770484.4671,0,0,0,0,0,0,0,10738.42802,18538.31999,62569.55,89425.84,89425.8724,0.000509296,0.000381972,0.000350141,0.00031831,0.000311236,0.000300485,0.000218679,0.000187732,0.000153187,0.000127925,8.74E-05,8.30E-05,0,0.000127324,3.18E-05,7.96E-06,2.12E-05,1.02E-05,4.77E-06,3.68E-06,3.34E-06,2.76E-06,2.05E-06,1.96E-06,151.7630578,5,2,46
83,TW-B-5,81.75508653,67.76750608,15.76897818,63.90364501,39.8363116,6.863747076,0,0,0,0,0,1098.480217,11574.47,18278.31,21783.44,41550.81,90828.54271,130716.3212,0,0,0,0,174.3259893,2514.541246,26686.07,34053.4,49024.52,109088.08,150947.8133,199507.5247,79.93938382,202.8090869,937.9977549,3391.457817,6630.05137,17668.84721,41506.59,79509.16,132502.69,244011.29,311114.0146,396535.8609,0,0,0,104.1284745,310.5551222,794.4116695,4976.3,6353.34,13169.91,17924.2,17924.17632,18142.74729,0,0,0,0,0,242124.47,2621730.39,4121360.14,4561071.93,7671661.61,15407670.1,20206207.82,0,0,0,0,0,745594.96,6044194.79,6660896.83,9837430.41,17349158.92,20540131.69,27308723.1,17875.18,71103.9,266843.38,1107324.1,1933525.15,4413074.28,9676911.36,17217488.65,26230124.58,43877783.55,54029858.81,65873637.41,114.114868,22.370623,17,B,1.235294,18164.53,513.5068,2215.67,4256.21,4911.34,434.1402,422.8415,9503.77,2348.11,1542,381.072,2712.86,20420.3615,16626.65009,9249.707819,16626.65009,9.807226115,6.241263308,7.703310992,8.356133609,8.499302111,6.073367638,6.046997345,9.159443919,7.761365015,7.340832477,5.942988439,7.905759883,9.924287795,9.718762114,9.132347243,9.718762114,0.169147025,0.376111134,0.413558679,0.397782787,0.375315755,0.360307056,0.274280276,0.192370661,0.152380563,0.10790051,0.069224922,0.04951211,2.49258926,15.96677025,13.24998638,11.82127942,11.252122,10.87707592,9.671938273,6.42832231,4.838166119,3.311646476,2.170853744,1.481947188,0,0,0,0,5.09E-06,2.55E-06,1.98E-06,1.59E-06,1.17E-06,7.16E-07,4.97E-07,0,0,0,2.39E-05,2.83E-05,2.80E-05,3.02E-05,2.01E-05,1.60E-05,1.17E-05,7.24E-06,5.17E-06,0,0,0,0,2.55E-06,1.27E-06,7.07E-07,5.57E-07,5.66E-07,3.18E-07,2.29E-07,0,0,0,0,6.37E-07,5.66E-07,6.37E-07,6.01E-07,3.78E-07,2.55E-07,0,0,0,0,1.60E-05,0.001379,0.011218,0.020692,0.024712,0.021044,0.015441,0.011902,0,0.010905388,0.009741266,0.006294316,0.010092169,0.006329215,0.001909712,0.001253768,0.001102875,0.00086885,0.000555416,0.000424652,517.291375,2021.052188,7069.023056,19749.53508,28794.94597,119874.8833,508955.6228,747736.5459,1048347.72,2214765.95,3629878.84,5379438.977,0,0,0,7011.186274,15914.59315,32618.23356,332553.5175,1298311.086,2800357.425,6032898.93,9903415.74,13239867.04,0,0,0,0,10156.5651,85468.44285,102029.9767,102029.9963,130867.4443,142980.3,173961.69,173961.7261,0,0,1005.714115,13906.9891,27417.02854,48620.79681,239702.8798,649011.9693,1175715.587,1952005.11,2439875.6,2869402.524,471.657725,3741.152295,15640.37193,61016.27597,152893.0418,368189.7928,788944.7857,1794442.77,2802345.857,4897906.49,5224096.25,5439339.188,0,0,0,0,0,0,1162.897282,1162.897033,1162.897282,1162.9,1162.9,1162.897282,0,0,0,0,0,5846.126094,325999.7763,480269.9846,574724.8495,777567.61,1249206.97,2038827.876,0.000509296,0.00063662,0.000381972,0.000397887,0.000282942,0.000262287,0.000162656,0.000101435,7.91E-05,5.91E-05,3.93E-05,2.97E-05,0,0,0,2.39E-05,2.83E-05,3.18E-05,8.59E-06,5.80E-06,4.62E-06,2.86E-06,1.81E-06,1.18E-06,102.5344847,0,4,49
43,P6,54.6674319,62.64322211,24.20260351,43.73804901,33.97032626,6.857849945,0,0,0,0,0,2588.59,3700.33,4201.65,4921.58,26783.55,47235.88,80430.21,0,0,0,79.76,2288.18,15720.65,46427.87,73776.87,104284.64,203654.5,284328.7,412871.56,49.91,163.07,494.31,2602.94,3679.3,12745.32,46379.99,83722.72,131062.7,294440.86,408522.15,606063.22,0,0,334.36,1119.05,2084.79,4036.93,17840.26,42418.02,54865.4,83349.51,106116.1,149703.11,0,0,0,0,0,454664.82,595860.4,595860.4,689944.42,4755022.9,8265042.99,13615704.53,0,0,0,26833.56836,452433.3496,3089915.41,13117214.73,23953318.82,35195473.54,66856394.27,94230632.34,138646698,0,29665.32422,230816.3281,657903.6133,801048.0713,3038845.869,11562280.23,22299434.17,33847326.65,71797325.77,99851925.56,144463550.6,114.1638282,22.31604882,25,B,8.282758621,22443.96,409.6658,2967.87,1092.39,5742.81,243.2816,331.3937,1902.79,3841.5,5552.74,901.8705,1495.92,27850.36329,11832.74522,11832.74522,11832.74522,10.01877687,6.015341593,7.995599891,6.996126236,8.655703161,5.494219583,5.803307214,7.551077489,8.253619016,8.622046011,6.804470943,7.31049562,10.23460129,9.378625986,9.378625986,9.378625986,0.037092014,0.250270511,0.511700649,0.532192962,0.371771658,0.280527585,0.258280939,0.231666594,0.201450824,0.188087067,0.138709265,0.128339664,0.283330431,20.0275704,21.19212653,13.95328995,8.189620947,7.004099832,8.459209571,7.071932545,5.765279247,4.812653294,3.64158966,3.763914384,0,3.18E-05,7.96E-06,3.54E-06,2.55E-06,1.91E-06,1.41E-06,1.51E-06,1.45E-06,1.49E-06,1.36E-06,0,0,0,1.59E-05,1.77E-05,1.53E-05,1.40E-05,1.09E-05,9.63E-06,1.07E-05,8.36E-06,8.58E-06,0,0,0,0,0,9.55E-07,9.90E-07,7.96E-07,6.37E-07,4.58E-07,4.07E-07,0,0,0,0,1.91E-06,1.27E-06,8.75E-07,5.66E-07,4.97E-07,4.46E-07,0.06036862,0.060369465,0.060368333,0.061767357,0.066729489,0.075580068,0.062852745,0.05009714,0.039816119,0.032608303,0.026438691,0.026094,0,0,0,0,0,0.003892675,0.006982105,0.005668168,0.004057101,0.003320947,0.00215224,0.0017226,0,0,0,0,0,31520.42189,189757.9088,669694.6014,1566131.521,3638231.284,6564029.628,9059718.883,0,0,0,100.6268572,29173.77297,52392.95052,148308.7965,448520.8761,902975.3364,2034943.823,4956338.517,9619070.357,0,0,0,0,0,14458.03449,133605.0621,190268.6896,305942.0488,729253.5112,974498.9746,1240873.624,0,0,0,3196.145088,22265.75,76313.74038,299840.2181,780702.9696,1371267.362,2984575.711,4186532.412,6569118.622,496.3836371,4729.500207,24981.21454,92678.33643,137906.9446,229227.403,678025.5611,1352599.305,2440336.263,4910149.726,6455598.559,9306513.333,0,0,0,0,0,7359.229541,23664.00027,34144.975,35898.09403,35898.09335,336902.2075,1048602.789,0,0,0,0,0,0,0,18538.32035,18538.32035,62569.54855,62569.54844,89425.85827,0,0.000254648,9.55E-05,0.000111408,0.000123787,0.00022409,0.000219316,0.000173302,0.000139261,0.000117845,9.24E-05,8.67E-05,0,0,3.18E-05,1.59E-05,1.77E-05,6.37E-06,5.41E-06,3.82E-06,2.63E-06,2.48E-06,1.89E-06,1.88E-06,139.5796703,0,0,4
82,TW-A-4,116.0426207,178.8929649,27.2618858,56.42493144,41.84340862,8.740076985,0,8.391775937,59.20250048,281.6189776,2111.783148,6574.018611,11005.99,26501.74,35205.84,44034.36,106928.2661,156474.6916,99.81449483,244.9089826,707.231651,2243.179372,3796.273549,6159.031552,11075.61,37495,69540.15,121231.91,181067.2784,215274.7969,0,9.183674032,255.9300682,1756.985327,4097.640516,13165.99859,53018.02,111100.42,164318.66,260396.07,338543.4436,451521.8193,99.81449483,184.6911426,285.0836476,667.9846086,861.6523153,1666.714757,4148.91,12864.19,17327.71,17924.2,18142.74729,23244.19272,0,0,0,97274.92,486409.64,1752017.89,2579434.24,5590021.63,7234683.86,8293907.02,18176774.18,24777250.05,0,0,76492.82,631414.8,924542.99,1565047.4,3153288,9355267.37,13925179.45,18518433.88,25606087.76,31232615.84,0,0,0,488968.39,1006063.72,3558668.73,12552826.14,25126794.65,34535304.05,48623586.97,59499980.54,77525423.44,114.119774,22.363968,65,B,0,18454.39,743.5727,1369.57,4343.05,4734.71,342.9368,843.434,8610.41,1964.03,797.5096,1145.97,2728.6,21275.47204,15906.01241,9263.269616,15906.01241,9.823057462,6.611466532,7.222255696,8.376332056,8.462675648,5.837546112,6.737481705,9.060726668,7.582752121,6.681493929,7.044004108,7.911542934,9.965310141,9.674452456,9.133812356,9.674452456,0.108321771,0.265096051,0.323428502,0.427059785,0.32002829,0.285937904,0.236155333,0.212529591,0.187460365,0.118555014,0.074946674,0.056808526,5.745105835,15.39850719,18.99160328,29.14568748,18.274878,13.85001016,8.12657043,6.718217054,6.110591973,3.826062887,2.275609684,1.669349913,0,0,0,0,1.27E-06,2.23E-06,2.26E-06,1.91E-06,1.24E-06,7.76E-07,5.47E-07,0,0,3.18E-05,6.37E-05,3.89E-05,4.20E-05,2.74E-05,2.25E-05,2.05E-05,1.23E-05,7.86E-06,5.74E-06,0,0,7.96E-06,3.54E-06,2.55E-06,9.55E-07,9.90E-07,1.19E-06,5.66E-07,3.18E-07,2.42E-07,0,0,0,0,6.37E-07,7.07E-07,9.55E-07,6.37E-07,3.78E-07,2.55E-07,0.045747,0.046021,0.046146,0.045117,0.0421,0.036611,0.033029,0.02934,0.025498,0.021795,0.017261,0.013595,0,0,0,0.0008475,0.000420876,0.000945853,0.001185657,0.001980329,0.001775622,0.000872025,0.000595659,0.000483587,0,0,0,0,0,24129.45329,449828.6483,1066534.476,1820190.28,3093408.26,5039595.56,7267259.831,0,0,0,3515.183216,51545.36206,76635.66088,352891.3181,839511.1174,2320571.007,7244518.54,10978976.86,14120741.33,0,0,0,0,3433.194458,19917.75691,81448.17855,136120.239,139701.0895,173961.74,173961.69,188501.8592,0,0,0,0,0,42426.30996,345106.4423,663167.4983,1053027.975,2375532.71,2813293.78,3211080.958,0,0,0,0,7406.482241,162422.6057,896087.7181,1855432.984,3216011.481,5109193.82,5374969.2,5964145.524,0,0,0,0,0,0,0,948.796685,1162.897282,1162.9,1162.9,1162.897282,377.527409,4239.15968,19073.19773,84209.27635,140003.1744,309699.6472,439937.7486,622769.6063,777567.5597,777567.61,1453934.28,2287519.542,0.001018592,0.000254648,0.000159155,0.000206901,0.00021928,0.000160428,0.000145149,0.0001269,0.000102655,6.29E-05,4.32E-05,3.40E-05,0,0,0,0,0,1.27E-06,7.32E-06,6.65E-06,4.77E-06,3.04E-06,1.85E-06,1.30E-06,138.0904501,2,2,2
40,P3,125.8667189,188.7456734,31.38712474,34.96571002,33.17641738,14.25587814,0,0,0,0,0,0,0,762.14,3835.87,7131.72,18276.28,44788.1,52.61,129.18,384.65,996.05,2793.68,7677.29,30047.04,54264.66,93388.71,174121.58,273674.55,350710.45,19.79,117.48,743.74,2657.72,5368.2,14075.42,37228.13,69340.75,118680.01,245294.33,392711.87,558815.09,0,0,870.29,1591.45,2009.57,5181.05,16408.42,23318.7,30103.51,47405.48,99061.03,121146.58,0,0,0,0,0,0,0,134062.68,714128.61,1460907.18,3015660.46,6810127.13,0,52637.50391,373681.082,640847.6816,1297941.735,2872203.21,14143243.27,24997069.54,35008546.7,57579379.16,85383842.69,105510506.2,0,35835.89844,672446.3652,1558403.895,2342309.698,5137910.557,12640005.99,18779663.82,27564643.04,47348853.39,74734289.58,106226739.9,114.1753619,22.27955909,21,B,1.498352554,24081.62,269.6618,6514.54,910.8232,5645.95,189.0644,218.1059,1925.06,4857.71,6116.43,208.1229,2550.64,32034.52477,9181.036137,9181.036137,9181.036137,10.08920413,5.597168462,8.781791214,6.814348791,8.63869363,5.242087684,5.384980913,7.562714546,8.488322908,8.718734607,5.338128996,7.844099894,10.3745695,9.124895346,9.124895346,9.124895346,0,0.255705971,0.379798125,0.407770163,0.388061096,0.358566767,0.222330011,0.154764029,0.15413241,0.139946232,0.121477638,0.108519518,0,21.6133251,21.37066423,26.35186915,23.7123553,18.09553498,9.399895708,6.279302967,5.711047668,4.613636014,3.770788188,3.344776583,0,0,0,7.07E-06,6.37E-06,2.86E-06,2.12E-06,2.86E-06,2.30E-06,1.63E-06,1.40E-06,0,0.000127324,6.37E-05,6.37E-05,6.72E-05,5.60E-05,2.32E-05,1.37E-05,1.15E-05,8.88E-06,8.08E-06,7.21E-06,0,0,7.96E-06,3.54E-06,1.27E-06,6.37E-07,2.83E-07,2.39E-07,3.18E-07,3.58E-07,3.57E-07,0,0,0,0,6.37E-07,2.83E-07,4.77E-07,4.60E-07,4.77E-07,4.20E-07,0.055985123,0.055191785,0.053029606,0.048624144,0.044384855,0.040901929,0.029284443,0.0180602,0.016794819,0.017045657,0.018307456,0.019439,0,0,0.015312615,0.010040051,0.005779447,0.004584375,0.002133004,0.001279319,0.00135875,0.001223828,0.001172878,0.00124757,0,0,2426.202986,12065.56203,46159.3645,143274.2796,506852.7242,959802.7266,1377008.131,2628316.054,4198397.911,5569456.522,0,0,0,0,0,8235.884275,294413.479,1351373.434,3072951.968,9420747.231,16073063.53,21279015.75,0,1023.894385,6305.357435,24345.33629,28633.71622,32081.69054,61466.20424,102637.4571,379205.3371,826391.491,962228.1231,1213758.581,0,896.8701943,3110.190172,6016.595656,23610.8264,132515.8449,341547.5509,598724.2782,909356.0962,1628177.682,3552419.297,5087738.96,0,0,0,0,0,18407.12425,244780.9197,489280.8277,1186631.986,2884617.465,4802591.921,7915658.618,0,214.520347,4412.641701,25159.65221,64543.95535,155571.2599,349170.4277,453175.176,512589.5508,850962.105,1072441.014,1358704.651,0,0,0,0,0,0,0,0,0,0,0,60557.97313,0.000509296,0.000254648,0.000254648,0.000326268,0.000332457,0.000278839,0.000213268,0.000144159,0.000129234,9.94E-05,8.24E-05,7.19E-05,0,0,0,0,7.07E-06,2.55E-06,3.50E-06,2.55E-06,2.55E-06,1.73E-06,1.55E-06,1.64E-06,126.8035217,2,0,8
37,P11,87.82625644,129,49.44228628,45.50949753,47.47589191,20.14690006,0,0,0,0,0,0,7607.53,15802.88,20856.22,40655.55,59698.5,131757.82,42.2,95.89,197.36,536.15,1328.16,8379.77,25465.31,34991.5,52373.08,102916.12,149550.9,209686.33,0,0,291.69,2200.15,5954.36,15427.37,45350.98,91629.01,144485.13,249255.03,304168.37,417072.65,0,0,0,0,290.65,2288.45,3541.49,6075.81,16317.6,17528.04,17924.19,18883.7,0,0,0,0,0,0,1799081.07,3686979.25,4755028.34,7671661.61,10125573.05,21004249.65,0,33009.51172,33009.51172,125422.2754,435448.5293,2243398.79,5214563.54,6998468.15,11299502.36,16936809.89,20194481.97,29551719.48,0,0,61902.0957,416250.8887,1302168.202,3639355.772,10890750.27,18635970.09,28819485.82,44390679.97,51491947.57,67991832.5,114.1192341,22.37122313,12,B,0,18614.29,890.6058,2170.73,4698.96,5254.98,156.3065,236.4289,9321,2593.84,1582.92,415.8092,2283.66,20494.87456,16706.08494,9655.096432,16706.08494,9.831684972,6.791901858,7.682818569,8.455095608,8.566931339,5.051819075,5.465647514,9.140025693,7.860893403,7.367029011,6.030226514,7.733533763,9.927930113,9.7235283,9.175241183,9.7235283,0.264563899,0.332479769,0.348731717,0.33826911,0.424353162,0.3721895,0.260483446,0.198702773,0.178539419,0.106234765,0.068770444,0.05151767,5.287109079,8.273464025,10.18602622,10.82804513,11.62039253,11.49008339,8.524540793,6.583392836,5.713889847,3.269772746,2.171226156,1.533602101,0,3.18E-05,1.59E-05,7.07E-06,5.09E-06,2.55E-06,1.98E-06,1.67E-06,1.17E-06,7.16E-07,5.09E-07,0,0,0.000127324,6.37E-05,4.60E-05,3.69E-05,2.64E-05,2.14E-05,1.89E-05,1.18E-05,7.16E-06,5.39E-06,0,0,0,0,1.27E-06,1.27E-06,8.49E-07,1.03E-06,5.31E-07,3.18E-07,2.29E-07,0,0,0,1.27E-06,9.55E-07,8.49E-07,5.57E-07,6.72E-07,3.78E-07,2.55E-07,0,0,0,0,0.000659953,0.006901096,0.022797602,0.026171588,0.0257903,0.020685803,0.015278488,0.012293,0,0,0,0.000914982,0.00273407,0.003898532,0.002375524,0.001647356,0.001559486,0.000869339,0.000505762,0.000442463,0,0,0,7973.424797,50265.7588,129520.811,358697.4488,782740.962,1300384.698,2109693.532,3509227.015,5606562.971,0,0,3120.493439,23031.19758,25060.13176,43924.60329,494881.5801,1384984.587,2738749.15,5954846.063,9478267.119,13689181.33,0,0,0,8259.669476,12133.43191,24253.63752,97761.99426,102582.8093,139701.0918,148939.9824,173961.6994,184145.7871,0,0,109.5922579,15125.45928,39848.99458,90391.78762,279385.4129,760274.1244,1182551.403,1958763.962,2468021.068,3062944.504,1019.506216,4520.603364,20824.60374,57020.58112,125953.1747,331797.0739,1206928.921,2073711.705,2873506.096,4848257.127,5213333.668,5535159.772,0,0,0,0,0,0,1162.897282,1162.897282,1162.897282,1162.897282,1162.897282,1162.897282,0,0,0,0,0,38740.11809,252154.9698,492773.1644,723037.7302,777567.605,825391.5604,1845690.912,0,0.000127324,6.37E-05,0.00017507,0.00022989,0.000252101,0.000157245,0.000106245,8.90E-05,5.79E-05,3.75E-05,3.05E-05,0,0,0,4.77E-05,3.54E-05,2.42E-05,9.23E-06,5.52E-06,4.70E-06,2.86E-06,1.79E-06,1.22E-06,104.6292383,0,2,46
16,KC-A-4,163.3577996,172.5171915,23.39396607,73.08500394,48.23948501,13.87269895,0,0,0,0,0,0,0,0,0,24548.84,42226.11176,85874.12984,43.08769844,193.2757052,516.9155519,2302.733666,8352.159423,17348.29969,51259.23,74785.29,110937.04,194779.72,328727.9501,439856.8066,53.11738336,306.4313898,803.6445524,2524.630425,4952.371157,12167.5643,52365.73,90044.94,130902.49,230705.15,426471.277,690758.3905,0,0,0,59.65727221,320.7173548,3969.274068,22180.74,36219.63,45656.95,83348.62,127774.2983,154497.3621,0,0,0,0,0,0,0,0,0,4281427.16,6783668.35,13642064.48,44450.08,44450.08,129276.94,925022.11,3709372.82,8221449.56,17883042.99,26549234.39,38791580,67862351.99,118930284.6,143121632,36821.82,153585.54,404017.34,1060662.45,2066704.06,4236427.64,13325495.09,23377536.24,36101935.06,58691278.88,110793829,157342052,114.18261,22.30822,20,B,0,24420.92,957.7283,5088.35,1351.93,6954.47,153.3717,450.2946,2030.8,5592.42,4840.13,1496.23,715.4392,29450.26501,12093.93894,12093.93894,12093.93894,10.10319538,6.864564146,8.534708877,7.209286569,8.847140566,5.032864451,6.109902103,7.61618681,8.629166844,8.484696804,7.31070447,6.572896646,10.29045819,9.400459692,9.400459692,9.400459692,0.031940609,0.132663719,0.214725816,0.201177542,0.167289423,0.202604698,0.306743423,0.260559082,0.217303823,0.168997569,0.166236264,0.151692993,0.640526851,2.792243061,4.536505313,4.279115294,3.47230709,4.848942952,7.235565016,7.075764355,6.021575808,4.801980735,5.039516147,4.476480186,0,0,0,0,1.27E-06,2.55E-06,1.84E-06,1.91E-06,1.45E-06,1.91E-06,1.69E-06,0,0,0,3.18E-05,1.77E-05,2.04E-05,2.07E-05,1.74E-05,1.40E-05,1.03E-05,1.14E-05,1.02E-05,0,0,0,0,0,6.37E-07,7.07E-07,7.16E-07,4.95E-07,5.37E-07,5.60E-07,0,0,0,1.27E-06,9.55E-07,1.41E-06,8.75E-07,5.66E-07,5.57E-07,5.60E-07,0.08065,0.079716,0.077667,0.07107,0.065451,0.05694,0.056208,0.048069,0.040106,0.032285,0.029486,0.028712,0,0.007800497,0.0152491,0.011140018,0.005876184,0.004391551,0.003501748,0.004521233,0.003813359,0.003199176,0.002402234,0.001863211,0,0,25.85223,9628.211016,27881.95258,81534.69544,761074.0321,940143.4714,1314993.383,3313350.04,5667699.35,7228577.234,0,1122.189541,9331.060303,34154.00415,66142.67251,160491.6398,332757.7623,603554.8111,925529.6858,2154799.77,4886584.86,12275892.87,0,0,0,0,0,1791.989277,79956.09679,387494.1317,635451.3265,864240.59,1250029.9,1294848.09,0,0,0,3294.569085,19915.75073,131615.0255,584611.7073,1080993.544,1557886.335,2529974.49,4528742.35,6460667.484,43.293234,1224.773134,7426.134802,31137.82323,65533.0974,180868.5341,629540.743,1261826.025,1945267.9,4099871.71,7374978.9,11238735.43,0,0,0,0,0,0,0,4355.394602,19417.42376,244420.26,800513.43,1267687.302,0,0,0,0,0,0,0,0,0,0,45394.62,89425.8724,0.000509296,0.00063662,0.000381972,0.000262606,0.000297089,0.000241916,0.000202127,0.000157174,0.000138942,0.00011063,0.000114651,9.84E-05,0,0,0,0,0,1.27E-06,3.18E-06,2.97E-06,2.94E-06,2.02E-06,2.29E-06,2.32E-06,135.9563738,1,0,1
31,NT-B-6,87.78763038,112.4510915,40.43701454,51.00604907,45.72153181,8.838516189,0,0,0,0,0,2973.711645,7519.59,9402.77,11428.35,18412.28,23858.55495,33097.96133,0,0,0,0,77.87062098,3326.479384,9373.32,13096.45,19373.49,30480.98,39686.80527,51182.92936,49.97572787,113.8142241,980.4715242,3147.412123,5417.034721,12864.59617,43408.92,75275.27,114400.3,215881.15,297198.0889,378924.4387,0,0,0,0,0,498.1931746,866.83,866.83,866.82,866.83,866.8378179,1535.420793,0,0,0,0,0,481519.23,962746.22,1108125.34,1156589.26,2027368.18,2564712.59,3837198.23,0,0,0,0,0,689108,1489577.95,1879022.48,2375724.52,3654315.37,4821336.67,6406393.54,0,21285.23,163716.54,602196.25,983540.48,2560082.47,7914136.1,12636917.26,17171380.86,29161872.63,37169660.45,46747212.8,114.127747,22.501835,14,B,0,27235.97,695.5572,16619.06,16543.32,18870.86,124.3432,22.0039,22007.71,1946.86,3000.2,9865.03,11296.49,8891.075905,31194.8116,21817.90607,23928.03694,10.21229385,6.544713274,9.718305403,9.713737374,9.84537412,4.823045296,3.091220527,9.999147938,7.573974682,8.006433971,9.196751191,9.332247446,9.092803345,10.34800707,9.990486291,10.08280614,0,0.063371438,0.212032893,0.279208229,0.302371168,0.227444054,0.169107836,0.115815157,0.09902116,0.074624572,0.055897697,0.045392472,0,0.758601301,7.422769678,6.550481666,6.435936322,4.828558054,3.449561563,1.948644274,1.544120065,0.942521826,0.55219984,0.376693949,0,6.37E-05,1.59E-05,1.06E-05,3.82E-06,1.91E-06,8.49E-07,7.96E-07,4.60E-07,2.98E-07,2.29E-07,0,0,3.18E-05,3.18E-05,3.18E-05,2.55E-05,1.53E-05,8.91E-06,7.48E-06,4.14E-06,2.39E-06,1.66E-06,0,0,0,7.07E-06,2.55E-06,6.37E-07,2.83E-07,3.18E-07,1.41E-07,9.95E-08,6.37E-08,0,0,0,0,3.18E-07,2.83E-07,3.98E-07,3.18E-07,2.19E-07,2.29E-07,0.016767,0.016737,0.017291,0.018657,0.019909,0.023978,0.028414,0.022603,0.017599,0.011134,0.007047,0.00468,0,0,0.000766807,0.000509296,0.000986674,0.001753814,0.003775744,0.001976522,0.001586446,0.000862587,0.000485206,0.000326889,640.924562,4935.512211,17048.74514,28995.49431,33690.76103,42675.93259,165556.3924,1190602.534,2982678.973,7027685.63,12690937.09,16814439.09,0,0,1131.716393,5133.10055,19259.84861,84219.13075,419209.3228,1407780.959,2643595.761,6973176.37,11320334.71,15342601.38,0,0,0,0,0,0,0,0,0,0,0,0,0,0,1035.618034,5118.304358,12672.09602,137737.3768,484442.584,847712.8309,1083108.016,1731648.17,1970192.1,2293232.692,0,0,1529.272933,45775.01681,130650.8296,277119.7811,1156548.925,1761147.05,2215057.564,3701185.92,4515963.77,7765587.341,0,0,0,10086.09495,44232.60541,109891.7146,120071.9807,127256.2835,221659.3479,223868.28,223868.28,223868.2821,0,0,0,0,0,1263.672002,158927.8577,187984.3151,423047.1945,736181.59,847146.03,988994.1388,0,0.000254648,0.000286479,0.000310352,0.000215743,0.000189713,0.000122549,7.27E-05,5.29E-05,3.10E-05,1.88E-05,1.41E-05,0.000509296,0.000127324,3.18E-05,1.59E-05,7.07E-06,2.55E-06,9.55E-07,8.49E-07,7.16E-07,5.66E-07,3.18E-07,2.67E-07,87.74330244,0,0,11
17,KC-B-5,128.2287303,261.1373076,28.94191987,42.37471776,35.65831882,10.86927917,0,0,0,0,0,0,0,0,6665.29,30211.32,59227.2954,74433.88154,0,123.3244715,312.3370098,997.9426437,2442.675154,5102.160326,37755.09,56892.56,81945.45,194011.88,314875.254,431376.0582,99.03084098,186.1247679,528.0274881,2885.969777,6795.996156,13960.58106,32922.2,59341.09,100674.9,215813.3,425581.4652,675473.144,0,0,0,0,0,2223.507684,12890.53,21303.79,32403.89,87281.81,123307.1705,144860.6152,0,0,0,0,0,0,0,0,1193198.6,5186635.8,9302354.51,11864178.7,0,54740.92,108195.95,171640.33,373314.4,1400970.95,12707316.3,18395773.06,26623115.51,68048720.79,112318082,140329298.9,0,38143.86,109556,372196.7,795334.44,1758125.66,7288547.04,13518468.08,24886144.38,57169862.49,107586219.1,151782478.1,114.189018,22.305309,48,B,2.753333,25100.99,416.0133,5822.71,776.6049,7452.61,669.7457,757.3106,2513.1,6262.43,4815.68,2041.99,966.5291,30034.52024,12245.52557,12245.52557,12245.52557,10.13066271,6.030717318,8.669520831,6.654931663,8.916319769,6.506898106,6.62977346,7.829271213,8.742323183,8.479632792,7.621677866,6.87371142,10.31010267,9.41291589,9.41291589,9.41291589,0.448560754,0.548614767,0.630761619,0.590394604,0.485483231,0.389833147,0.216025512,0.159535917,0.166641783,0.16288083,0.168586178,0.149961504,13.80450509,13.71050671,11.75947442,12.71715343,11.6174956,11.7791386,5.267569314,4.049138992,4.651779188,4.806132809,5.167909396,4.48686514,0,0,7.96E-06,3.54E-06,3.82E-06,2.23E-06,1.41E-06,1.27E-06,1.59E-06,1.77E-06,1.76E-06,0,0,3.18E-05,3.18E-05,3.54E-05,3.06E-05,1.46E-05,1.13E-05,1.16E-05,1.15E-05,1.18E-05,1.00E-05,0,0,0,3.54E-06,1.27E-06,3.18E-07,4.24E-07,4.77E-07,4.24E-07,6.17E-07,5.73E-07,0,0,0,1.27E-06,6.37E-07,7.07E-07,7.16E-07,4.95E-07,5.57E-07,6.11E-07,0.146284,0.146309,0.146532,0.142477,0.130203,0.097057,0.044255,0.031924,0.03286,0.029641,0.029981,0.029227,0,0,0,0.00513232,0.002752749,0.001489913,0.002658779,0.002408773,0.00241782,0.002595347,0.002338796,0.00180146,1851.203475,5842.744594,20101.63946,82412.79351,161123.2128,294862.0299,607273.2111,852173.0034,1165930.949,3237255.62,6037544.55,6953836.815,0,0,0,0,8720.396216,25210.91723,160869.6146,356410.9442,922481.3687,2706489.98,5877403.81,12960830.71,0,0,0,0,0,19310.59852,63992.01798,163984.4003,473516.5238,905556.7,1192949.18,1293526.691,0,0,0,474.666843,13393.27738,56771.70092,211836.7883,543093.0424,1126089.612,2618219.3,4393189.2,6442961.609,0,0,2591.755103,17582.62985,38236.77446,187569.0901,375805.1644,756963.1084,1344515.086,3319839.85,7200499.8,11978694.21,0,0,0,0,0,0,0,0,127786.7142,399333.39,904827.61,1216887.761,0,0,0,0,0,0,0,0,0,0,26856.3,53351.02394,0.001018592,0.000763944,0.000286479,0.000254648,0.000247574,0.000202445,0.000142285,9.92E-05,9.79E-05,0.000108296,0.000111786,9.75E-05,0,0,3.18E-05,1.59E-05,7.07E-06,6.37E-06,1.91E-06,2.12E-06,2.07E-06,2.09E-06,2.51E-06,2.39E-06,99.16995167,1,7,19
94,YL-A-1,101.6239054,180.656246,19.97390885,45.95688731,32.96539808,17.91302383,0,172.9624382,387.2172102,793.5725974,1417.450051,2820.244196,6272.37,8593.59,14424.39,29386.77,41494.54475,52149.96775,0,0,0,0,0,0,0,0,27.8,12290.29,30578.3724,60268.43968,49.39393271,134.1288504,787.9104076,1900.46183,3545.046361,7670.217945,27106.88,58562.5,98615.04,180563.43,286465.4366,399648.1856,0,0,0,0,0,0,0,0,0,3503.1,4983.379758,7370.22797,0,98254.22,98254.22,98254.22,98254.22,295003.18,983563.82,1130904.26,1821635.97,3352859.92,4289689,5421621.21,0,0,0,0,0,0,0,0,0,2236500.02,4723893.35,7141337.04,66239.63,66239.63,606928.83,1397466.59,2398562.33,3366480.84,7789865.76,15757120.87,25329445.68,40780780.89,54557822.56,69805210.58,114.053802,22.465837,9,B,0,19314.88,2005.04,14399.73,11544.14,14712.79,2166.75,2765.13,13783.61,4246.74,9637.59,3622.11,5290.02,8963.992473,27708.85801,15386.91753,15386.91753,9.86863086,7.603418248,9.574965057,9.353932875,9.596472221,7.68098514,7.924842121,9.53123532,8.353906247,9.173425998,8.194811404,8.573577271,9.100970995,10.22950742,9.641272916,9.641272916,0.00475064,0.037568348,0.072943907,0.081217709,0.053526451,0.03851545,0.064903865,0.070353843,0.059750181,0.056640031,0.05817478,0.055859366,0.029555892,0.273011701,0.667055554,0.71149712,0.400770222,0.171896179,0.158819331,0.174742293,0.219228981,0.281706112,0.422037364,0.358614064,0,0,0,0,0,0,1.41E-07,7.96E-08,1.06E-07,1.99E-07,2.04E-07,0,0,0,0,0,1.27E-06,3.18E-07,2.83E-07,2.39E-07,1.06E-06,1.57E-06,1.32E-06,0,0,0,0,0,0,0,0,0,7.96E-08,5.09E-08,0,0,0,0,0,0,0,3.89E-07,3.98E-07,3.18E-07,0.001993,0.001991,0.001976,0.001892,0.001804,0.001708,0.001633,0.001454,0.001342,0.002419,0.003204,0.004171,0,0,0,0,0,0,0,0,0,0.000382838,0.000621932,0.000438236,0,0,5132.282883,37212.61396,88607.77149,340194.0213,899301.8543,2227888.296,4525231.023,11014243.53,18687227.01,24776838.47,0,0,0,7213.042871,44972.19524,187294.6854,852499.3975,1777917.914,3120174.347,7082813.44,12609082.31,17909067.26,0,0,0,0,0,0,0,0,817.896627,14724.12,14724.13,14724.12753,0,0,0,0,0,0,3888.658559,7649.629425,44229.20082,279512.52,669925.96,1032603.991,887.551196,3732.552907,15259.64798,57285.25887,112057.4037,160522.0266,526973.3282,1459440.834,2666116.01,4689457.97,8044915.05,14026048.85,0,0,0,0,0,1178.812682,57730.69428,57730.69396,57730.69428,57730.69,57730.69,57730.69611,0,0,0,0,0,5014.464762,175937.0002,423310.4183,482138.4086,482138.42,491473.9,492452.2959,0,0.000127324,3.18E-05,1.59E-05,1.06E-05,6.37E-06,2.01E-05,1.23E-05,1.07E-05,1.24E-05,1.65E-05,1.51E-05,0,0,0,0,0,0,0,4.24E-07,3.98E-07,4.24E-07,5.17E-07,3.82E-07,79.31603174,4,0,0
6,EN-B-7,153.0052254,83.35491804,27.91149309,40.78564406,34.34856858,12.71811784,0,0,0,39.74398572,685.4696172,3338.681477,7201.34,13645.38,17063.35,39911.54,62079.28076,80164.80164,85.72944589,187.235778,665.2697127,1602.565847,2851.586529,5698.532167,12207.39,30228.17,66109.37,150134.25,245910.7036,381318.3385,18.59739339,43.67215977,302.6438217,1804.206981,4391.904228,10180.31657,21721.79,40256.22,76639.99,192703.71,359653.7902,591254.3504,0,0,0,84.93127665,605.4504075,3058.687948,3970.34,7719.24,21870.77,48244.82,91588.81295,128670.0328,0,0,0,0,89497.93,625008.46,1460907.18,2623501.49,2788998.34,6026332.6,10348064.68,12923383.83,0,74855.73,209732.82,422709.69,677453.6,1610412.55,3814188.39,8833852.23,17537399.73,45574175.65,79035759.9,121292368,0,14568.73,58947.38,296993.15,647087.29,1795911.39,3897173.87,8108072.51,14081943.51,40184331.36,75647247.47,122431260.6,114.193398,22.288038,68,B,3.045267,25756.21,240.3762,7190.88,778.6568,7509.46,5.1938,14.561,2858.99,6919.02,5016.92,2008.63,1175.04,31946.29958,11170.58068,11170.58068,11170.58068,10.15643095,5.482205076,8.8805684,6.657570444,8.923918215,1.647463926,2.678345599,7.958222785,8.84202917,8.520571135,7.605208225,7.069058726,10.37181163,9.321038876,9.321038876,9.321038876,0.025498167,0.297586414,0.417760891,0.450059889,0.395804629,0.318180887,0.156667715,0.124429499,0.12716203,0.132013671,0.12242643,0.125852194,0.354547733,13.95552468,21.46811263,19.42576766,16.38664732,11.86845209,5.450445668,4.462398999,4.210257823,4.298931403,4.015771594,3.890063171,0,0,0,0,2.55E-06,2.23E-06,1.41E-06,1.51E-06,1.59E-06,1.49E-06,1.50E-06,0,0,0,3.18E-05,5.66E-05,3.18E-05,1.27E-05,1.02E-05,1.07E-05,1.03E-05,8.87E-06,8.59E-06,0,0,7.96E-06,3.54E-06,1.27E-06,6.37E-07,2.83E-07,3.18E-07,2.83E-07,3.38E-07,3.95E-07,0,0,3.54E-06,1.27E-06,9.55E-07,4.24E-07,3.18E-07,3.89E-07,5.37E-07,5.35E-07,0.113203,0.113202,0.113203,0.112537,0.10734,0.081886,0.044086,0.02875,0.025656,0.022554,0.021191,0.022498,0,0,0,0,0.001285226,0.001729398,0.001240237,0.001139296,0.001031416,0.001203323,0.001458318,0.001439303,0,0,0,9419.65033,38554.35689,88950.33045,213055.1991,413307.4384,1030543.683,2619070.05,4770962.58,6556524.052,395.320624,1535.340593,2843.397302,3026.788952,13472.48661,42107.18251,617967.2408,1060889.136,2019291.487,5124353.02,10078578.13,16544585.05,0,0,873.276446,2937.759569,12877.54867,17958.31609,23233.65805,44196.50233,182151.0035,767062.04,1119428.69,1272941.58,0,111.750978,1970.985445,14209.45571,33681.35191,104486.4089,235592.6565,393897.8143,693436.4859,1628251.68,2973420.47,4916077.461,0,331.4099,4697.609526,31766.683,57727.68649,162516.6281,356042.2327,597750.3828,895060.4937,2298770.27,4352364.18,8622481.195,74.821447,2286.159786,11965.68345,33656.27413,59949.84692,103645.4852,182281.1247,355138.0831,529086.4348,860894.79,935900.98,1206048.169,0,0,0,0,0,0,0,0,0,0,0,7956.402255,0.001018592,0.000254648,0.000190986,0.000159155,0.000201596,0.000154062,8.44E-05,7.89E-05,8.15E-05,8.82E-05,8.48E-05,8.20E-05,0,0,0,0,0,1.27E-06,1.59E-06,2.12E-06,1.75E-06,1.66E-06,1.59E-06,1.67E-06,154.5352911,1,6,16
35,P1,116.1356882,162.0293593,16.48943311,34.01129305,25.25036308,10.0261481,0,0,0,0,0,0,0,0,0,0,0,14658.48,0,0,153.25,936.47,1415.57,2474.11,12010.09,22201.49,34938.24,56614.07,84863.57,137743.92,99.72,314.52,1283.99,3212.14,4491.37,8477.85,22075.72,45160.13,64459.47,120444.94,183133.51,272475.31,0,0,0,0,0,0,6179.01,11780.5,19852.13,25119.92,31177.86,45827.04,0,0,0,0,0,0,0,0,0,0,0,1732564.03,0,0,17322.79492,201312.7227,294674.873,496988.05,2137740.91,3846312.75,6968473.91,14470287.06,29079516.16,43815873.91,30727.53711,60997.61719,185479.1553,574427.3271,774315.5098,1201314.612,2639373.375,4433329.166,6209226.282,14041434.35,25060202.96,50007028.83,114.1274915,22.28321157,19,B,4.895,19170.7,85.4819,3895.65,345.6034,698.2671,3.9656,225.5743,2629.49,3455.95,8228.87,4823.17,3908.75,30094.94996,7117.863639,7117.863639,7117.863639,9.861138227,4.448304455,8.267615835,5.845291753,6.548601733,1.377645045,5.418649718,7.874544819,8.147851682,9.015403807,8.481187646,8.270973463,10.31211266,8.870362909,8.870362909,8.870362909,0.590553966,0.692816746,0.504909189,0.378133603,0.267946118,0.179710326,0.086818086,0.082216224,0.066795065,0.056228941,0.045671777,0.04570951,11.77581475,13.91096744,15.52506646,12.26452131,8.049331559,5.048725558,2.545817366,2.064154978,1.686307831,1.598552813,1.403091639,1.463728253,0,0,7.96E-06,3.54E-06,1.27E-06,1.27E-06,8.49E-07,5.57E-07,7.78E-07,8.36E-07,8.53E-07,0,0.000127324,6.37E-05,2.39E-05,1.77E-05,1.15E-05,3.82E-06,4.10E-06,3.50E-06,2.72E-06,2.41E-06,2.79E-06,0,0,7.96E-06,3.54E-06,1.27E-06,6.37E-07,2.83E-07,2.39E-07,1.77E-07,9.95E-08,1.40E-07,0,0,0,1.27E-06,3.18E-07,1.41E-07,7.96E-08,2.12E-07,1.19E-07,1.66E-07,0.034924195,0.034917402,0.033607815,0.028050566,0.025645993,0.024421972,0.025599141,0.020478992,0.0153415,0.010807252,0.007459032,0.007216,0,0.023128396,0.022066515,0.00945253,0.005228205,0.002701267,0.001596152,0.001016765,0.000682507,0.000428547,0.000286943,0.000363116,0,0,232.9716133,4292.981863,14274.71389,26279.9466,159868.5817,339284.8447,367076.6775,752531.3177,1551105.337,4212712.056,0,0,0,1504.325227,21319.16477,105426.0111,860746.302,1756938.616,2842077.087,5120213.019,7784486.602,10894897.59,0,0,0,0,0,0,0,0,2434.000322,78056.17998,227124.0913,475138.4228,0,0,988.2541307,3907.291057,25669.10729,114706.6231,352536.1202,780430.2509,1048925.416,1377180.762,1749570.967,2344805.104,1209.522768,5799.88057,17202.75026,54878.90064,84576.13004,173414.5405,340650.4436,624521.6985,935146.5798,1674219.43,2627675.696,3414484.101,0,0,0,0,0,0,12487.83785,62576.12664,131010.709,370960.4238,394356.6128,527853.5181,0,0,0,0,0,566.6344029,7607.951718,7607.951718,7607.950901,7607.951718,7607.951718,23877.1331,0,0,0.000222817,0.000198944,0.000141471,9.42E-05,5.09E-05,3.73E-05,3.11E-05,2.96E-05,2.87E-05,3.02E-05,0,0,3.18E-05,1.59E-05,1.06E-05,5.09E-06,1.27E-06,1.13E-06,9.55E-07,6.37E-07,6.37E-07,7.26E-07,89.32256952,0,14,60
0,CW-A-1,125.9355602,110.0675794,19.44915774,45.71297742,32.58106758,10.50807447,0,0,0,0,0,0,0,0,0,196.74,7273.801632,15833.0318,83.69086051,220.8428738,668.6241617,2857.151997,5610.336658,14046.87875,32403.08,46647.85,72531.57,151268.73,277813.1435,329532.3671,0,0,97.46217365,825.1755932,3967.662206,12627.7444,41496.96,77214.18,124524.13,216541.75,394217.8335,550418.8726,0,0,0,0,12.8306243,2096.67714,8684.55,13633.87,23247.5,60387.22,101594.6366,122402.0876,0,0,0,0,0,0,0,0,0,0,1213735.96,2862333.9,0,66753.66,196130.6,994752.46,2413937.44,8557396.62,19072011.68,25464906.3,31269751.12,51883840.7,84380049.52,102565769.9,0,0,30724.18,157232,1069351.79,3862500.77,12874235.67,19682716.33,26475609.54,41269264.07,71829776.09,105413392.3,114.158119,22.28178,66,B,6.623529,22290.75,280.8918,5133.85,837.44,3857.76,12.3931,1.7758,980.7647,3790.94,7864.76,1765.28,2401.16,31165.2814,8246.318045,8246.318045,8246.318045,10.01192725,5.637969677,8.543610755,6.730349649,8.257843,2.517138174,0.574271448,6.888332589,8.240370332,8.97014771,7.476067024,7.783706716,10.34705998,9.017522082,9.017522082,9.017522082,0.135744041,0.45986293,0.566133022,0.4903403,0.44740851,0.36244785,0.262182707,0.176123795,0.152126678,0.120398341,0.11513145,0.104729536,0,26.37883427,32.16906957,32.4999754,24.72648899,19.07519258,11.1004301,6.973364621,5.506095443,4.251451773,3.51866259,3.133598961,0,0,1.59E-05,1.06E-05,1.15E-05,8.59E-06,4.39E-06,3.10E-06,1.95E-06,1.69E-06,1.43E-06,0,0,0,1.59E-05,1.77E-05,2.55E-05,1.43E-05,9.20E-06,9.07E-06,7.71E-06,7.32E-06,6.60E-06,0,0,0,0,0,3.18E-07,2.83E-07,3.18E-07,2.83E-07,3.38E-07,3.31E-07,0,0,0,0,9.55E-07,8.49E-07,5.57E-07,3.18E-07,4.58E-07,3.95E-07,0.0027,0.002752,0.003212,0.004678,0.00567,0.007407,0.019047,0.019866,0.017157,0.015344,0.017081,0.018085,0,0,0,0.00031831,0.001257187,0.001301805,0.00115964,0.000911801,0.000918511,0.001084899,0.001180651,0.001196949,0,0,0,8452.102383,38468.64362,151819.599,398124.6108,517990.6306,838415.5824,2273285.92,3955738.85,5530578.578,0,0,0,0,5446.211044,46351.10161,328409.9206,1525892.831,3210704.91,9342384.55,15249972.19,19782353.11,250.936798,3552.061779,18190.82794,69030.92241,120874.8427,168556.3293,222124.5183,231406.4163,300123.0698,749590.75,888150.27,1010870.294,0,0,0,969.524263,24006.93206,104832.5585,327754.9625,557016.5458,797469.8666,1518895.98,3791307.16,4914275.933,0,0,0,0,0,4623.073408,450339.5577,914065.1598,1539196.744,2296106.13,4733910.5,7049153.172,0,0,0,0,3269.104512,59685.7224,212718.8877,320294.7292,476385.9698,810839.23,955223.74,1097961.001,0,0,0,0,0,0,0,0,0,0,19935.41,128111.1633,0,0.000381972,0.000254648,0.000342183,0.000290016,0.000336135,0.000215814,0.000142886,0.000112841,8.56E-05,8.12E-05,6.84E-05,0,0,0,0,1.06E-05,5.09E-06,3.82E-06,1.98E-06,1.75E-06,1.52E-06,1.59E-06,1.59E-06,138.1108675,1,3,21
33,NT-B-8,58.74835864,34.27124099,19.83212993,47.83776182,33.83494588,5.199572483,0,0,0,0,0,1036.24469,7209.79,8952.53,11022.72,18064.53,23584.74323,30927.71731,0,0,0,69.07010263,761.1625861,2054.054965,9610.03,14125,19724.33,30900.35,40243.18129,49723.10722,120.9513806,315.7329395,929.6962799,2718.405224,5643.656442,13713.22169,42192.99,76330.53,118024.3,215582.21,303760.601,375231.0734,0,0,0,0,0,33.0310221,866.83,866.83,866.82,866.83,866.8378179,1413.92926,0,0,0,0,0,96404.44,962746.22,1108125.34,1156589.26,2076041.46,2564712.59,3347894.08,0,0,0,19618.95,98580.76,289567.04,1438576.14,1977578,2451586.93,3714735.72,4907401.07,6221020.72,25313.9,113975.27,139283.27,431730.45,990938.9,2334043.68,7371166.81,12783687.23,17047108.9,28361115.31,37755630.25,45963029.35,114.129196,22.502909,21,B,0,27424.84,593.7484,16743.51,16707.57,19021.75,246.4085,210.4021,22198.28,1904.34,3005.13,10052.74,11480.18,8949.915008,31321.4917,21987.12085,24111.54539,10.21920433,6.38645564,9.72576611,9.723617305,9.853338216,5.506990898,5.349020327,10.00777013,7.551889114,8.008076681,9.215600925,9.348377536,9.099399315,10.35205978,9.998212145,10.09044607,0.127583682,0.301204139,0.436465107,0.365647638,0.321084089,0.233580014,0.171853795,0.11503089,0.098793262,0.07290124,0.05688587,0.04545292,3.882006897,6.076620775,6.671918243,5.880135758,5.469838206,4.843407622,3.051141499,2.048491522,1.570398202,0.938309995,0.553645279,0.377422569,0,0,1.59E-05,7.07E-06,5.09E-06,1.91E-06,9.90E-07,7.96E-07,4.60E-07,2.98E-07,2.29E-07,0,0,3.18E-05,3.18E-05,2.12E-05,2.42E-05,1.46E-05,9.62E-06,7.72E-06,4.14E-06,2.39E-06,1.63E-06,0,0,7.96E-06,3.54E-06,2.55E-06,6.37E-07,2.83E-07,3.18E-07,1.41E-07,9.95E-08,6.37E-08,0,0,0,0,3.18E-07,1.41E-07,3.98E-07,3.18E-07,2.19E-07,2.29E-07,0.013353,0.01335,0.013345,0.013512,0.014583,0.017255,0.025353,0.022688,0.017681,0.011182,0.007056,0.004679,0,0,0.001428886,0.003795711,0.003167966,0.003790889,0.00362458,0.002053631,0.00164939,0.000862587,0.000485206,0.000326889,0,114.135237,2110.815655,13946.07278,29475.11051,43031.07788,241010.8962,1007157.095,2898538.374,7167293.4,13071905.98,17129409.25,0,0,0,0,4845.472872,90752.26462,505086.8168,1711097.598,2909470.633,7251424.28,11079916.13,15211669.4,0,0,0,0,0,0,0,0,0,0,0,0,54.079118,1317.068868,3033.984532,26917.99165,49958.83064,143931.4892,541162.8485,858671.5377,1113553.996,1692438.19,1989003.41,2281160.548,676.671607,3297.580868,13373.01947,29953.50718,70681.38748,279941.5577,1088175.809,1766156.269,2276124.724,3591351.48,4494029.51,7533116.448,0,137.260577,6489.659474,38184.25936,78242.6831,118186.9278,120071.9807,163526.0437,221659.3479,223868.28,223868.28,223868.2821,0,0,0,0,0,0,142440.4267,187984.3151,465459.3762,741496.04,877296.97,988994.1388,0.000509296,0.000509296,0.000541127,0.00024669,0.000265258,0.000179527,0.000117138,7.78E-05,5.49E-05,3.11E-05,1.89E-05,1.36E-05,0,0,0,7.96E-06,7.07E-06,2.55E-06,9.55E-07,7.07E-07,7.96E-07,4.95E-07,3.18E-07,2.67E-07,88.48380932,1,1,13
15,KC-A-3,143.8164835,281.9710906,19.24190633,43.14336837,31.19263735,16.03624067,0,0,0,0,0,0,0,0,0,26537.86,43456.2541,85900.75461,84.70045009,314.7330058,710.8606512,2463.681807,5324.786761,16969.06119,48229.6,73491.38,109271.91,196751.69,333000.7605,437804.4021,0,100.558347,455.5732491,2173.053887,4293.670047,12393.65564,52195.96,88583.83,129126.93,233919.01,430379.0133,690872.9978,0,0,63.04792285,262.336767,1475.150757,4188.94197,20795.58,35088.01,46066.65,82664.76,127032.5991,152496.5286,0,0,0,0,0,0,0,0,0,4678266.31,6783668.35,13618899.49,84636.08,125068.22,336498.93,1096675.75,2405140.53,8033915.98,17333925.89,26199260.67,38709433.06,68506529.84,118880204.2,142756896.9,0,0,193727.16,942975.12,1713533.36,4173349.09,12834980.89,22703951.37,35670326.35,59722304.74,111026577.2,157315650.5,114.183472,22.30871,32,B,0,24506.26,865.1645,5148.13,1362.24,7057.57,255.9458,526.3898,2134.87,5605.74,4747.04,1599.65,799.0379,29441.01058,12190.26538,12190.26538,12190.26538,10.10668395,6.762919635,8.546388231,7.216884058,8.861856423,5.544965663,6.266042077,7.666160033,8.631545496,8.465277083,7.377539316,6.683408328,10.2901439,9.408392993,9.408392993,9.408392993,0.236447444,0.186475018,0.194524045,0.181355217,0.186291062,0.211940048,0.305562941,0.250659763,0.213667472,0.170369664,0.16620472,0.151591142,7.326099954,5.57200503,4.609995365,3.807013996,4.22099721,5.559822746,7.33338209,6.73298446,5.900502206,4.823193072,4.996359541,4.490155452,0,0,0,0,0,2.55E-06,1.84E-06,1.91E-06,1.52E-06,1.95E-06,1.71E-06,0,0,0,7.96E-06,1.77E-05,1.91E-05,1.97E-05,1.75E-05,1.37E-05,1.05E-05,1.14E-05,1.02E-05,0,0,0,0,1.27E-06,6.37E-07,7.07E-07,7.16E-07,4.95E-07,5.37E-07,5.73E-07,0,0,3.54E-06,2.55E-06,9.55E-07,1.41E-06,8.75E-07,5.66E-07,5.57E-07,5.73E-07,0.079654,0.079098,0.077563,0.076015,0.075439,0.066027,0.060439,0.047397,0.040532,0.032409,0.029921,0.029033,0,0.006722578,0.00945743,0.011324012,0.005980425,0.00548611,0.003783981,0.00417215,0.003760765,0.003209813,0.002395697,0.001853586,0,0,0,292.385411,13965.48407,65182.57792,736691.4472,931782.1936,1269754.242,3368444.08,5663205.66,7180696.145,0,722.793721,6863.270826,28079.31166,64966.27246,146695.5311,315787.3294,584525.2274,1006650.676,2161501.88,4933517.13,12177512.06,0,0,0,0,0,6236.208821,52102.05964,353354.5223,610288.7295,881484.95,1192429.92,1294848.09,0,64.235573,1285.726611,1430.675009,16929.9081,131668.2021,574919.4992,1080971.287,1554018.015,2615166.49,4590636.65,6498471.702,460.928393,1569.625412,7904.371431,43845.72903,85065.29059,194233.5628,689251.8581,1249141.203,1959500.829,4141852.2,7511093.4,11336487.22,0,0,0,0,0,0,0,4355.269291,19417.42376,223585.88,771383.09,1263150.374,0,0,0,0,0,0,0,0,0,0,45394.62,89425.8724,0.000509296,0.00063662,0.000381972,0.000342183,0.000282942,0.000247008,0.000199899,0.000151657,0.000136714,0.000111232,0.000114432,9.82E-05,0,0,0,0,0,0,3.50E-06,2.97E-06,2.86E-06,2.09E-06,2.41E-06,2.37E-06,151.4976781,2,2,11
27,NT-A-2,71.05864252,55.00839983,27.08248618,60.39750787,43.73999703,10.97186351,93.18645116,195.0004186,373.829164,676.1038172,1098.875516,1509.447045,5109.61,6444.79,7504.2,16894.58,25657.14891,36531.65654,0,0,0,0,0,0,1582.72,2543.71,5069.82,14648.48,38481.6815,60313.16577,46.59322558,285.9079879,807.8195017,1796.3395,3032.887381,5315.345892,19817.42,39622.31,68204.22,143809.17,242844.9849,371759.8724,0,0,0,0,0,0,0,0,0,1328.63,2195.468367,2195.468367,0,0,0,146189.19,243828.53,292460.25,920273.31,1017836.6,1066300.52,2231889.49,3540582.46,4973348.43,0,0,0,0,0,0,277096.06,343306.03,725076.28,2233010.86,5262403.61,7355866.58,0,0,124524.41,294067.41,441258.33,807392.4,3193496.62,5771107.96,8856855.31,22119016.16,37332041.53,55182593.3,114.152939,22.483934,22,B,0,27767.29,15.0239,14962.09,15916.1,17802.64,125.3228,1594.5,20526.33,1318.42,637.8915,10591.11,11455.5,12150.32082,29470.02171,21290.12719,25703.66803,10.23161394,2.709644628,9.613274902,9.675086174,9.787102074,4.830892445,7.374316622,9.92946395,7.184186088,6.458168136,9.267769954,9.346225195,9.405110853,10.29112881,9.965998732,10.15438899,0,0,0,0.003866674,0.014014825,0.014945794,0.034429138,0.044255114,0.047014104,0.046234801,0.047805698,0.050387555,0,0,0,0.012315157,0.015164576,0.015087758,0.280780195,0.915349756,0.905747055,0.705179332,0.765111487,0.71922696,0,0,0,3.54E-06,1.27E-06,6.37E-07,5.66E-07,5.57E-07,3.54E-07,3.78E-07,3.31E-07,0,0,0,0,0,0,1.27E-06,3.25E-06,4.62E-06,2.90E-06,3.14E-06,2.75E-06,0,0,0,0,0,0,0,1.59E-07,7.07E-08,9.95E-08,1.02E-07,0,0,0,0,3.18E-07,4.24E-07,4.77E-07,2.83E-07,2.39E-07,2.16E-07,0.039477,0.040172,0.041354,0.039009,0.035354,0.028553,0.018077,0.014528,0.012547,0.009359,0.009049,0.007741,0,0,0,0,0,0,0.000479466,0.000677924,0.000851346,0.000541917,0.000556701,0.000618505,0,1110.972594,11244.06716,55005.61498,122096.5231,250792.0031,519955.6773,769017.8344,1167077.632,3308871.63,7831663.81,15034237.13,0,0,0,353.967915,8647.027236,44093.23546,827644.5229,1988594.822,2877418.645,6396790.25,11536069.86,18877822.26,0,0,0,0,0,0,0,0,0,0,0,0,0,0,0,0,0,0,47425.91252,120016.2948,350107.3482,1077226.98,2396182.45,3261364.075,0,0,0,0,0,4380.868785,373469.8845,895358.0897,1482659.433,3573239.61,6068483.16,8490527.951,0,0,0,0,0,0,0,0,63357.90921,101587.36,241766.89,463049.9821,0,0,0,2061.907172,14727.82866,46076.60548,52550.11861,164844.0935,393918.2113,394338.79,467294.55,673640.8569,0,0.000127324,6.37E-05,3.98E-05,4.24E-05,1.66E-05,2.48E-05,2.24E-05,2.41E-05,2.04E-05,2.28E-05,2.10E-05,0,0,0,0,0,0,0,2.83E-07,4.77E-07,4.24E-07,4.58E-07,4.20E-07,71.58809097,1,0,0
22,KT-A-2,104.4043693,130.1791528,21.29321262,52.86573277,37.0794727,8.564513875,0,0,0,0,0,0,4249.14,12215.37,13212.14,18331.87,23371.88475,55363.02489,0,132.1939979,515.5048819,1467.034079,2980.371832,9639.281953,27314.43,52995.56,65564.88,100245.15,165442.1181,288609.3459,8.70935684,125.3607311,451.5256089,2213.440618,5202.591786,11567.53622,39938.09,76441.74,116594.5,237947.5,374086.1116,547957.0296,0,0,81.8383963,385.5263551,1047.930611,2563.242826,7182.6,13925.85,18487.99,32456.99,45032.57122,81607.4453,0,0,0,0,0,0,710053.74,2085913,2307494.2,2943131.93,3623940.34,8486281.79,0,123149.57,180718.31,236480.01,1090005.19,3349103.42,8464292.93,15192593.59,19469701.78,33296898.02,55831882.92,89543554.42,0,57899.11,118057.82,840384.85,1980720.47,3971874.89,12862070.6,19894871.2,28132797.59,49301638.77,76977292.03,110333988.3,114.210571,22.329807,13,B,0,27255.57,1005.22,7535.71,3419.59,10600.73,233.3753,513.0481,5756.84,5549.37,1726.68,3513.94,3487.56,28809.14804,15751.23944,15751.23944,15751.23944,10.21301302,6.912959578,8.927408758,8.137277048,9.268678168,5.452647968,6.240369659,8.658144685,8.621439755,7.453953753,8.164493181,8.156957964,10.26844826,9.664674336,9.664674336,9.664674336,0,0.052625864,0.197301062,0.219536799,0.162400373,0.152238577,0.198630525,0.151907251,0.133674183,0.125138322,0.106178686,0.105952777,0,2.236188385,6.280002025,5.897294767,3.65957807,4.590181828,5.977721499,4.611242584,3.930535941,3.49551317,2.854035386,2.908223339,0,0,0,3.54E-06,2.55E-06,2.86E-06,1.41E-06,1.43E-06,1.31E-06,9.95E-07,9.42E-07,0,0,0,7.96E-06,3.54E-06,1.27E-05,1.72E-05,1.34E-05,1.11E-05,1.02E-05,7.64E-06,7.41E-06,0,0,0,3.54E-06,1.27E-06,9.55E-07,7.07E-07,8.75E-07,6.72E-07,4.38E-07,4.33E-07,0,0,3.54E-06,1.27E-06,6.37E-07,2.83E-07,3.18E-07,6.37E-07,5.17E-07,4.84E-07,0.028224,0.028453,0.02917,0.031497,0.033393,0.033425,0.031276,0.030044,0.032151,0.031662,0.028124,0.027389,0,0,0,0,0.00079305,0.000952122,0.000669885,0.000771255,0.000879883,0.001528426,0.001235252,0.001343225,0,0,0,0,2098.979581,48261.81257,462777.5259,996450.6622,1602462.997,3288287.7,4531120.5,5296086.003,0,0,1291.430313,13778.63295,69059.5453,183959.0944,634982.3147,1656841.102,2936657.761,5694441.54,10610544.61,18030221.77,0,0,0,0,0,0,20556.66994,42683.1497,166209.6418,222158.26,255784.67,648627.9898,0,0,2867.854982,12001.05913,35083.08011,123581.3347,508587.1754,1032667.345,1486832.402,2546763.19,4126339.43,5312457.676,1187.513134,4333.074077,16303.15002,70598.7928,115695.625,255021.9046,850758.6569,1386199.585,2410780.711,5550076.63,8854881.16,11567412.5,0,0,0,0,0,0,0,2120.879706,3495.855126,3495.86,3703,366996.3082,0,0,0,0,0,0,0,26856.31471,26856.30966,26856.31,34812.69,34812.70419,0.000509296,0.000127324,0.000254648,0.00017507,0.000137934,0.000146423,0.000137192,0.000106103,8.99E-05,7.30E-05,6.22E-05,6.28E-05,0,0,0,0,0,3.82E-06,3.82E-06,3.54E-06,2.94E-06,2.51E-06,1.99E-06,1.82E-06,112.1288577,0,0,1
18,KC-B-6,64.3196315,43.06400359,17.81804591,42.1912286,30.00463726,6.654799131,0,0,0,0,0,0,0,2011.73,9449.78,31738.27,61175.60499,77851.66423,0,0,0,554.1057745,1811.946628,4107.517961,32933.21,55646.82,79551.89,187296.93,311307.4422,430903.0307,49.99784198,99.99923425,755.9621976,2708.687972,6322.859562,11995.23123,29190.94,51745.29,98975.24,214581.59,425177.1184,677983.859,0,0,0,0,0,39.52418566,11927.15,18281.21,30021.41,83982.1,123329.5588,143714.873,0,0,0,0,0,0,0,264297.61,1908991.79,5386858.07,9474382.62,12657287.76,0,0,0,104032.08,234298.04,692343.06,11036031.48,18011096.73,25276809.34,66183370.51,111121543.6,140055609.4,9374.77,9374.77,67512.73,319796.69,682569.26,1416002.31,6303857.64,12015810.79,23634522.94,56825622.44,106491390.7,151794862.5,114.189781,22.304314,42,B,2.084615,25187.5,292.3196,5940.05,645.8448,7491.8,744.0576,826.5202,2560.87,6397.14,4886.63,2106.81,1008.26,30168.4173,12211.48288,12211.48288,12211.48288,10.13410313,5.677847693,8.689472561,6.470559241,8.92156377,6.612118442,6.717224371,7.848102114,8.763605972,8.494257471,7.652931202,6.915978778,10.31455087,9.410132008,9.410132008,9.410132008,0.469020377,0.555664272,0.546537599,0.542882915,0.472178969,0.30731563,0.203266616,0.145211591,0.161292269,0.161604195,0.167462749,0.149537493,10.25723444,11.16937415,12.06014894,12.72986252,11.50625255,8.822939079,5.055773111,3.632683937,4.619557672,4.85979265,5.184823099,4.483444601,0,0,7.96E-06,7.07E-06,3.82E-06,2.23E-06,1.41E-06,1.27E-06,1.56E-06,1.77E-06,1.77E-06,0,0,6.37E-05,3.18E-05,2.83E-05,2.42E-05,1.37E-05,1.05E-05,1.19E-05,1.16E-05,1.16E-05,1.00E-05,0,0,0,0,1.27E-06,3.18E-07,2.83E-07,3.98E-07,4.60E-07,5.97E-07,5.60E-07,0,0,0,0,6.37E-07,7.07E-07,4.77E-07,5.31E-07,5.37E-07,6.37E-07,0.146286,0.146286,0.146238,0.143115,0.131536,0.083524,0.03973,0.029064,0.03234,0.02921,0.029611,0.029108,0,0,0,0,0.001795822,0.001369161,0.002316772,0.00210669,0.002280141,0.002518688,0.002342431,0.001803266,1963.495408,7853.981634,31415.70031,115647.3538,200257.9908,288033.1743,591371.8869,808992.0579,1141760.114,3173857.97,6081938.44,6865812.472,0,0,0,0,1100.449124,25202.94027,85905.55795,335987.9961,874240.0703,2664347.54,6151525.97,12997742.22,0,0,0,0,5034.037645,13337.36889,63992.01798,148100.5883,473874.3473,923203.86,1193804.61,1303369.644,0,0,0,0,12644.06301,47277.33604,148272.7824,458794.5206,1027148.988,2549870.91,4291341.12,6386357.284,0,0,0,583.184777,18697.59573,131889.2266,337754.1836,654336.1349,1297929.413,3211315.1,7110497.73,11970852.96,0,0,0,0,0,0,0,0,154578.4833,455284.76,917700.35,1213029.274,0,0,0,0,0,0,0,0,0,0,26856.3,53351.02394,0,0,0.000159155,0.000214859,0.00021928,0.000160428,0.000132417,9.20E-05,9.64E-05,0.000106528,0.000111229,9.81E-05,0,0,0,7.96E-06,7.07E-06,6.37E-06,1.91E-06,1.70E-06,1.99E-06,2.16E-06,2.43E-06,2.39E-06,106.2766324,1,6,25
28,NT-A-3,43.31539489,90.05322255,26.19492473,43.46081643,34.82787058,13.24428257,47.04607275,130.0573615,284.4550685,586.0963674,893.6081498,2164.625801,5314.2,6481.03,7529.12,16561.97,25920.09789,31570.55,0,0,0,0,0,164.6438918,1898.58,2761.49,5789.46,14764.51,36468.59966,60902.54859,67.40863052,205.0604844,638.7655593,1473.492515,2375.501099,5428.027701,19969.05,45821.07,74007.37,150387.63,243236.5389,371716.0933,0,0,0,0,0,0,0,0,0,1209.7,2195.468367,2195.468367,48689.17,48689.17,97362.45,97362.45,243494.19,437461.41,968585.6,1017836.6,1066300.52,2328293.93,3637475.56,3878603.52,0,0,0,0,0,0,299621.64,362853.47,859529.96,2256495.12,4983064.05,7380914.94,0,49950.8,151020.43,201531.97,376957.71,673689.91,3379289.08,6500470.24,9658411.89,23131236.19,37332489.51,53859534.16,114.151634,22.485229,16,B,0,27756.88,205.8127,15074.9,15967.52,17882.46,139.4161,1406.41,20678.37,1123.71,629.1421,10551.4,11581.32,11958.16608,29593.31298,21340.05372,25616.74136,10.23123887,5.32696638,9.620786218,9.678311983,9.791575424,4.937463248,7.248795959,9.93684336,7.024389475,6.444357133,9.264014107,9.357148637,9.389169678,10.2953037,9.968341042,10.15100138,0,0,0.020113665,0.025808137,0.024447632,0.023663479,0.043979021,0.056002921,0.054852451,0.049491101,0.047440046,0.050474788,0,0,0.083548907,0.033158229,0.01989152,0.060247679,0.642874947,1.227087237,1.050602525,0.769408347,0.729515814,0.697017772,0,0,0,0,1.27E-06,6.37E-07,8.49E-07,6.37E-07,3.89E-07,3.78E-07,3.31E-07,0,0,0,0,0,1.27E-06,3.82E-06,5.09E-06,4.93E-06,3.01E-06,2.98E-06,2.69E-06,0,0,0,0,0,0,1.41E-07,1.59E-07,1.06E-07,9.95E-08,1.02E-07,0,0,0,0,3.18E-07,4.24E-07,4.77E-07,2.83E-07,2.39E-07,2.04E-07,0.044677,0.044588,0.044376,0.042469,0.039596,0.031038,0.021054,0.016595,0.013949,0.009795,0.008546,0.007594,0,0,0,0,0,0.000476635,0.000787132,0.001060955,0.000874449,0.000548706,0.000568406,0.000606774,647.264783,3443.456138,15543.05299,64494.18795,119524.6586,219723.9035,490989.641,752443.3444,1192748.788,3436622.89,8051117.28,15772161.96,0,0,0,4400.123277,22979.25066,119645.6224,904298.2596,2088666.949,2903235.896,6086771.62,11489245.7,18814612.33,0,0,0,0,0,0,0,0,0,0,0,0,0,0,0,0,0,12875.35801,63942.04988,187182.6197,434426.7993,1108345.7,2307724.74,3333472.405,0,0,0,0,114.360773,37248.61797,336479.7392,980190.3188,1657464.964,3748455.32,6039343.74,8317190.604,0,0,0,0,0,0,0,0,101587.3681,101587.36,221659.34,463032.042,0,198.347319,4886.070585,22762.08112,40331.72697,52405.91853,92511.26944,274050.8841,394338.7966,394338.79,536365.36,717221.1611,0.000509296,0.000381972,0.000127324,5.57E-05,2.83E-05,2.42E-05,3.15E-05,2.74E-05,2.94E-05,2.20E-05,2.18E-05,2.03E-05,0,0,0,0,0,0,0,4.24E-07,6.37E-07,4.24E-07,4.38E-07,4.07E-07,73.73336479,1,0,0